STRUCTURE,STRUCTURE_ID,STRUCTURE_NAME,freq,Time frequency,unit,Unit of measure,geo,Geopolitical entity (reporting),TIME_PERIOD,Time,OBS_VALUE,Observation value,OBS_FLAG,Observation status (Flag) V2 structure,CONF_STATUS,Confidentiality status (flag)
dataflow,ESTAT:ROAD_EQS_CARHAB(1.0),Passenger cars - per thousand inhabitants,A,Annual,NR,Number,AL,Albania,2000,,38,,,,,
dataflow,ESTAT:ROAD_EQS_CARHAB(1.0),Passenger cars - per thousand inhabitants,A,Annual,NR,Number,AL,Albania,2001,,44,,,,,
dataflow,ESTAT:ROAD_EQS_CARHAB(1.0),Passenger cars - per thousand inhabitants,A,Annual,NR,Number,AL,Albania,2002,,49,,,,,
dataflow,ESTAT:ROAD_EQS_CARHAB(1.0),Passenger cars - per thousand inhabitants,A,Annual,NR,Number,AL,Albania,2013,,118,,,,,
dataflow,ESTAT:ROAD_EQS_CARHAB(1.0),Passenger cars - per thousand inhabitants,A,Annual,NR,Number,AL,Albania,2014,,131,,,,,
dataflow,ESTAT:ROAD_EQS_CARHAB(1.0),Passenger cars - per thousand inhabitants,A,Annual,NR,Number,AL,Albania,2015,,140,,,,,
dataflow,ESTAT:ROAD_EQS_CARHAB(1.0),Passenger cars - per thousand inhabitants,A,Annual,NR,Number,AL,Albania,2016,,151,,,,,
dataflow,ESTAT:ROAD_EQS_CARHAB(1.0),Passenger cars - per thousand inhabitants,A,Annual,NR,Number,AL,Albania,2017,,145,,,,,
dataflow,ESTAT:ROAD_EQS_CARHAB(1.0),Passenger cars - per thousand inhabitants,A,Annual,NR,Number,AL,Albania,2018,,161,,,,,
dataflow,ESTAT:ROAD_EQS_CARHAB(1.0),Passenger cars - per thousand inhabitants,A,Annual,NR,Number,AL,Albania,2019,,176,,,,,
dataflow,ESTAT:ROAD_EQS_CARHAB(1.0),Passenger cars - per thousand inhabitants,A,Annual,NR,Number,AL,Albania,2020,,191,,,,,
dataflow,ESTAT:ROAD_EQS_CARHAB(1.0),Passenger cars - per thousand inhabitants,A,Annual,NR,Number,AL,Albania,2021,,212,,,,,
dataflow,ESTAT:ROAD_EQS_CARHAB(1.0),Passenger cars - per thousand inhabitants,A,Annual,NR,Number,AL,Albania,2022,,232,,,,,
dataflow,ESTAT:ROAD_EQS_CARHAB(1.0),Passenger cars - per thousand inhabitants,A,Annual,NR,Number,AL,Albania,2023,,292,,,,,
dataflow,ESTAT:ROAD_EQS_CARHAB(1.0),Passenger cars - per thousand inhabitants,A,Annual,NR,Number,AL,Albania,2024,,328,,,,,
dataflow,ESTAT:ROAD_EQS_CARHAB(1.0),Passenger cars - per thousand inhabitants,A,Annual,NR,Number,AT,Austria,1990,,388,,,,,
dataflow,ESTAT:ROAD_EQS_CARHAB(1.0),Passenger cars - per thousand inhabitants,A,Annual,NR,Number,AT,Austria,1991,,397,,,,,
dataflow,ESTAT:ROAD_EQS_CARHAB(1.0),Passenger cars - per thousand inhabitants,A,Annual,NR,Number,AT,Austria,1992,,412,,,,,
dataflow,ESTAT:ROAD_EQS_CARHAB(1.0),Passenger cars - per thousand inhabitants,A,Annual,NR,Number,AT,Austria,1993,,425,,,,,
dataflow,ESTAT:ROAD_EQS_CARHAB(1.0),Passenger cars - per thousand inhabitants,A,Annual,NR,Number,AT,Austria,1994,,438,,,,,
dataflow,ESTAT:ROAD_EQS_CARHAB(1.0),Passenger cars - per thousand inhabitants,A,Annual,NR,Number,AT,Austria,1995,,452,,,,,
dataflow,ESTAT:ROAD_EQS_CARHAB(1.0),Passenger cars - per thousand inhabitants,A,Annual,NR,Number,AT,Austria,1996,,463,,,,,
dataflow,ESTAT:ROAD_EQS_CARHAB(1.0),Passenger cars - per thousand inhabitants,A,Annual,NR,Number,AT,Austria,1997,,475,,,,,
dataflow,ESTAT:ROAD_EQS_CARHAB(1.0),Passenger cars - per thousand inhabitants,A,Annual,NR,Number,AT,Austria,1998,,487,,,,,
dataflow,ESTAT:ROAD_EQS_CARHAB(1.0),Passenger cars - per thousand inhabitants,A,Annual,NR,Number,AT,Austria,1999,,501,,,,,
dataflow,ESTAT:ROAD_EQS_CARHAB(1.0),Passenger cars - per thousand inhabitants,A,Annual,NR,Number,AT,Austria,2000,,511,,,,,
dataflow,ESTAT:ROAD_EQS_CARHAB(1.0),Passenger cars - per thousand inhabitants,A,Annual,NR,Number,AT,Austria,2001,,519,,,,,
dataflow,ESTAT:ROAD_EQS_CARHAB(1.0),Passenger cars - per thousand inhabitants,A,Annual,NR,Number,AT,Austria,2002,,492,,b,break in time series,,
dataflow,ESTAT:ROAD_EQS_CARHAB(1.0),Passenger cars - per thousand inhabitants,A,Annual,NR,Number,AT,Austria,2003,,498,,,,,
dataflow,ESTAT:ROAD_EQS_CARHAB(1.0),Passenger cars - per thousand inhabitants,A,Annual,NR,Number,AT,Austria,2004,,501,,,,,
dataflow,ESTAT:ROAD_EQS_CARHAB(1.0),Passenger cars - per thousand inhabitants,A,Annual,NR,Number,AT,Austria,2005,,504,,,,,
dataflow,ESTAT:ROAD_EQS_CARHAB(1.0),Passenger cars - per thousand inhabitants,A,Annual,NR,Number,AT,Austria,2006,,508,,,,,
dataflow,ESTAT:ROAD_EQS_CARHAB(1.0),Passenger cars - per thousand inhabitants,A,Annual,NR,Number,AT,Austria,2007,,511,,,,,
dataflow,ESTAT:ROAD_EQS_CARHAB(1.0),Passenger cars - per thousand inhabitants,A,Annual,NR,Number,AT,Austria,2008,,514,,,,,
dataflow,ESTAT:ROAD_EQS_CARHAB(1.0),Passenger cars - per thousand inhabitants,A,Annual,NR,Number,AT,Austria,2009,,522,,,,,
dataflow,ESTAT:ROAD_EQS_CARHAB(1.0),Passenger cars - per thousand inhabitants,A,Annual,NR,Number,AT,Austria,2010,,530,,,,,
dataflow,ESTAT:ROAD_EQS_CARHAB(1.0),Passenger cars - per thousand inhabitants,A,Annual,NR,Number,AT,Austria,2011,,537,,,,,
dataflow,ESTAT:ROAD_EQS_CARHAB(1.0),Passenger cars - per thousand inhabitants,A,Annual,NR,Number,AT,Austria,2012,,542,,,,,
dataflow,ESTAT:ROAD_EQS_CARHAB(1.0),Passenger cars - per thousand inhabitants,A,Annual,NR,Number,AT,Austria,2013,,546,,,,,
dataflow,ESTAT:ROAD_EQS_CARHAB(1.0),Passenger cars - per thousand inhabitants,A,Annual,NR,Number,AT,Austria,2014,,547,,,,,
dataflow,ESTAT:ROAD_EQS_CARHAB(1.0),Passenger cars - per thousand inhabitants,A,Annual,NR,Number,AT,Austria,2015,,546,,,,,
dataflow,ESTAT:ROAD_EQS_CARHAB(1.0),Passenger cars - per thousand inhabitants,A,Annual,NR,Number,AT,Austria,2016,,550,,,,,
dataflow,ESTAT:ROAD_EQS_CARHAB(1.0),Passenger cars - per thousand inhabitants,A,Annual,NR,Number,AT,Austria,2017,,555,,,,,
dataflow,ESTAT:ROAD_EQS_CARHAB(1.0),Passenger cars - per thousand inhabitants,A,Annual,NR,Number,AT,Austria,2018,,562,,,,,
dataflow,ESTAT:ROAD_EQS_CARHAB(1.0),Passenger cars - per thousand inhabitants,A,Annual,NR,Number,AT,Austria,2019,,566,,,,,
dataflow,ESTAT:ROAD_EQS_CARHAB(1.0),Passenger cars - per thousand inhabitants,A,Annual,NR,Number,AT,Austria,2020,,570,,,,,
dataflow,ESTAT:ROAD_EQS_CARHAB(1.0),Passenger cars - per thousand inhabitants,A,Annual,NR,Number,AT,Austria,2021,,572,,,,,
dataflow,ESTAT:ROAD_EQS_CARHAB(1.0),Passenger cars - per thousand inhabitants,A,Annual,NR,Number,AT,Austria,2022,,566,,,,,
dataflow,ESTAT:ROAD_EQS_CARHAB(1.0),Passenger cars - per thousand inhabitants,A,Annual,NR,Number,AT,Austria,2023,,566,,,,,
dataflow,ESTAT:ROAD_EQS_CARHAB(1.0),Passenger cars - per thousand inhabitants,A,Annual,NR,Number,AT,Austria,2024,,569,,,,,
dataflow,ESTAT:ROAD_EQS_CARHAB(1.0),Passenger cars - per thousand inhabitants,A,Annual,NR,Number,BA,Bosnia and Herzegovina,2010,,189,,,,,
dataflow,ESTAT:ROAD_EQS_CARHAB(1.0),Passenger cars - per thousand inhabitants,A,Annual,NR,Number,BA,Bosnia and Herzegovina,2011,,192,,,,,
dataflow,ESTAT:ROAD_EQS_CARHAB(1.0),Passenger cars - per thousand inhabitants,A,Annual,NR,Number,BA,Bosnia and Herzegovina,2012,,196,,i,value imputed by Eurostat or other receiving agencies,,
dataflow,ESTAT:ROAD_EQS_CARHAB(1.0),Passenger cars - per thousand inhabitants,A,Annual,NR,Number,BA,Bosnia and Herzegovina,2013,,202,,,,,
dataflow,ESTAT:ROAD_EQS_CARHAB(1.0),Passenger cars - per thousand inhabitants,A,Annual,NR,Number,BA,Bosnia and Herzegovina,2014,,209,,,,,
dataflow,ESTAT:ROAD_EQS_CARHAB(1.0),Passenger cars - per thousand inhabitants,A,Annual,NR,Number,BA,Bosnia and Herzegovina,2015,,235,,,,,
dataflow,ESTAT:ROAD_EQS_CARHAB(1.0),Passenger cars - per thousand inhabitants,A,Annual,NR,Number,BA,Bosnia and Herzegovina,2016,,245,,,,,
dataflow,ESTAT:ROAD_EQS_CARHAB(1.0),Passenger cars - per thousand inhabitants,A,Annual,NR,Number,BA,Bosnia and Herzegovina,2017,,252,,,,,
dataflow,ESTAT:ROAD_EQS_CARHAB(1.0),Passenger cars - per thousand inhabitants,A,Annual,NR,Number,BA,Bosnia and Herzegovina,2018,,263,,p,provisional,,
dataflow,ESTAT:ROAD_EQS_CARHAB(1.0),Passenger cars - per thousand inhabitants,A,Annual,NR,Number,BA,Bosnia and Herzegovina,2019,,269,,ip,"value imputed by Eurostat or other receiving agencies, provisional",,
dataflow,ESTAT:ROAD_EQS_CARHAB(1.0),Passenger cars - per thousand inhabitants,A,Annual,NR,Number,BA,Bosnia and Herzegovina,2020,,268,,ip,"value imputed by Eurostat or other receiving agencies, provisional",,
dataflow,ESTAT:ROAD_EQS_CARHAB(1.0),Passenger cars - per thousand inhabitants,A,Annual,NR,Number,BA,Bosnia and Herzegovina,2021,,284,,p,provisional,,
dataflow,ESTAT:ROAD_EQS_CARHAB(1.0),Passenger cars - per thousand inhabitants,A,Annual,NR,Number,BA,Bosnia and Herzegovina,2022,,292,,p,provisional,,
dataflow,ESTAT:ROAD_EQS_CARHAB(1.0),Passenger cars - per thousand inhabitants,A,Annual,NR,Number,BA,Bosnia and Herzegovina,2023,,306,,p,provisional,,
dataflow,ESTAT:ROAD_EQS_CARHAB(1.0),Passenger cars - per thousand inhabitants,A,Annual,NR,Number,BA,Bosnia and Herzegovina,2024,,321,,p,provisional,,
dataflow,ESTAT:ROAD_EQS_CARHAB(1.0),Passenger cars - per thousand inhabitants,A,Annual,NR,Number,BE,Belgium,1990,,387,,,,,
dataflow,ESTAT:ROAD_EQS_CARHAB(1.0),Passenger cars - per thousand inhabitants,A,Annual,NR,Number,BE,Belgium,1991,,396,,,,,
dataflow,ESTAT:ROAD_EQS_CARHAB(1.0),Passenger cars - per thousand inhabitants,A,Annual,NR,Number,BE,Belgium,1992,,399,,,,,
dataflow,ESTAT:ROAD_EQS_CARHAB(1.0),Passenger cars - per thousand inhabitants,A,Annual,NR,Number,BE,Belgium,1993,,407,,,,,
dataflow,ESTAT:ROAD_EQS_CARHAB(1.0),Passenger cars - per thousand inhabitants,A,Annual,NR,Number,BE,Belgium,1994,,416,,,,,
dataflow,ESTAT:ROAD_EQS_CARHAB(1.0),Passenger cars - per thousand inhabitants,A,Annual,NR,Number,BE,Belgium,1995,,421,,,,,
dataflow,ESTAT:ROAD_EQS_CARHAB(1.0),Passenger cars - per thousand inhabitants,A,Annual,NR,Number,BE,Belgium,1996,,427,,,,,
dataflow,ESTAT:ROAD_EQS_CARHAB(1.0),Passenger cars - per thousand inhabitants,A,Annual,NR,Number,BE,Belgium,1997,,433,,,,,
dataflow,ESTAT:ROAD_EQS_CARHAB(1.0),Passenger cars - per thousand inhabitants,A,Annual,NR,Number,BE,Belgium,1998,,440,,,,,
dataflow,ESTAT:ROAD_EQS_CARHAB(1.0),Passenger cars - per thousand inhabitants,A,Annual,NR,Number,BE,Belgium,1999,,448,,,,,
dataflow,ESTAT:ROAD_EQS_CARHAB(1.0),Passenger cars - per thousand inhabitants,A,Annual,NR,Number,BE,Belgium,2000,,456,,,,,
dataflow,ESTAT:ROAD_EQS_CARHAB(1.0),Passenger cars - per thousand inhabitants,A,Annual,NR,Number,BE,Belgium,2001,,460,,,,,
dataflow,ESTAT:ROAD_EQS_CARHAB(1.0),Passenger cars - per thousand inhabitants,A,Annual,NR,Number,BE,Belgium,2002,,462,,,,,
dataflow,ESTAT:ROAD_EQS_CARHAB(1.0),Passenger cars - per thousand inhabitants,A,Annual,NR,Number,BE,Belgium,2003,,464,,,,,
dataflow,ESTAT:ROAD_EQS_CARHAB(1.0),Passenger cars - per thousand inhabitants,A,Annual,NR,Number,BE,Belgium,2004,,467,,,,,
dataflow,ESTAT:ROAD_EQS_CARHAB(1.0),Passenger cars - per thousand inhabitants,A,Annual,NR,Number,BE,Belgium,2005,,468,,,,,
dataflow,ESTAT:ROAD_EQS_CARHAB(1.0),Passenger cars - per thousand inhabitants,A,Annual,NR,Number,BE,Belgium,2006,,470,,,,,
dataflow,ESTAT:ROAD_EQS_CARHAB(1.0),Passenger cars - per thousand inhabitants,A,Annual,NR,Number,BE,Belgium,2007,,473,,,,,
dataflow,ESTAT:ROAD_EQS_CARHAB(1.0),Passenger cars - per thousand inhabitants,A,Annual,NR,Number,BE,Belgium,2008,,477,,,,,
dataflow,ESTAT:ROAD_EQS_CARHAB(1.0),Passenger cars - per thousand inhabitants,A,Annual,NR,Number,BE,Belgium,2009,,479,,,,,
dataflow,ESTAT:ROAD_EQS_CARHAB(1.0),Passenger cars - per thousand inhabitants,A,Annual,NR,Number,BE,Belgium,2010,,480,,b,break in time series,,
dataflow,ESTAT:ROAD_EQS_CARHAB(1.0),Passenger cars - per thousand inhabitants,A,Annual,NR,Number,BE,Belgium,2011,,488,,b,break in time series,,
dataflow,ESTAT:ROAD_EQS_CARHAB(1.0),Passenger cars - per thousand inhabitants,A,Annual,NR,Number,BE,Belgium,2012,,489,,,,,
dataflow,ESTAT:ROAD_EQS_CARHAB(1.0),Passenger cars - per thousand inhabitants,A,Annual,NR,Number,BE,Belgium,2013,,492,,,,,
dataflow,ESTAT:ROAD_EQS_CARHAB(1.0),Passenger cars - per thousand inhabitants,A,Annual,NR,Number,BE,Belgium,2014,,497,,,,,
dataflow,ESTAT:ROAD_EQS_CARHAB(1.0),Passenger cars - per thousand inhabitants,A,Annual,NR,Number,BE,Belgium,2015,,501,,,,,
dataflow,ESTAT:ROAD_EQS_CARHAB(1.0),Passenger cars - per thousand inhabitants,A,Annual,NR,Number,BE,Belgium,2016,,505,,,,,
dataflow,ESTAT:ROAD_EQS_CARHAB(1.0),Passenger cars - per thousand inhabitants,A,Annual,NR,Number,BE,Belgium,2017,,509,,,,,
dataflow,ESTAT:ROAD_EQS_CARHAB(1.0),Passenger cars - per thousand inhabitants,A,Annual,NR,Number,BE,Belgium,2018,,511,,,,,
dataflow,ESTAT:ROAD_EQS_CARHAB(1.0),Passenger cars - per thousand inhabitants,A,Annual,NR,Number,BE,Belgium,2019,,510,,,,,
dataflow,ESTAT:ROAD_EQS_CARHAB(1.0),Passenger cars - per thousand inhabitants,A,Annual,NR,Number,BE,Belgium,2020,,510,,,,,
dataflow,ESTAT:ROAD_EQS_CARHAB(1.0),Passenger cars - per thousand inhabitants,A,Annual,NR,Number,BE,Belgium,2021,,510,,,,,
dataflow,ESTAT:ROAD_EQS_CARHAB(1.0),Passenger cars - per thousand inhabitants,A,Annual,NR,Number,BE,Belgium,2022,,507,,,,,
dataflow,ESTAT:ROAD_EQS_CARHAB(1.0),Passenger cars - per thousand inhabitants,A,Annual,NR,Number,BE,Belgium,2023,,512,,i,value imputed by Eurostat or other receiving agencies,,
dataflow,ESTAT:ROAD_EQS_CARHAB(1.0),Passenger cars - per thousand inhabitants,A,Annual,NR,Number,BE,Belgium,2024,,513,,ip,"value imputed by Eurostat or other receiving agencies, provisional",,
dataflow,ESTAT:ROAD_EQS_CARHAB(1.0),Passenger cars - per thousand inhabitants,A,Annual,NR,Number,BG,Bulgaria,1990,,152,,,,,
dataflow,ESTAT:ROAD_EQS_CARHAB(1.0),Passenger cars - per thousand inhabitants,A,Annual,NR,Number,BG,Bulgaria,1991,,158,,,,,
dataflow,ESTAT:ROAD_EQS_CARHAB(1.0),Passenger cars - per thousand inhabitants,A,Annual,NR,Number,BG,Bulgaria,1992,,166,,,,,
dataflow,ESTAT:ROAD_EQS_CARHAB(1.0),Passenger cars - per thousand inhabitants,A,Annual,NR,Number,BG,Bulgaria,1993,,178,,,,,
dataflow,ESTAT:ROAD_EQS_CARHAB(1.0),Passenger cars - per thousand inhabitants,A,Annual,NR,Number,BG,Bulgaria,1994,,188,,,,,
dataflow,ESTAT:ROAD_EQS_CARHAB(1.0),Passenger cars - per thousand inhabitants,A,Annual,NR,Number,BG,Bulgaria,1995,,197,,,,,
dataflow,ESTAT:ROAD_EQS_CARHAB(1.0),Passenger cars - per thousand inhabitants,A,Annual,NR,Number,BG,Bulgaria,1996,,205,,,,,
dataflow,ESTAT:ROAD_EQS_CARHAB(1.0),Passenger cars - per thousand inhabitants,A,Annual,NR,Number,BG,Bulgaria,1997,,209,,,,,
dataflow,ESTAT:ROAD_EQS_CARHAB(1.0),Passenger cars - per thousand inhabitants,A,Annual,NR,Number,BG,Bulgaria,1998,,220,,,,,
dataflow,ESTAT:ROAD_EQS_CARHAB(1.0),Passenger cars - per thousand inhabitants,A,Annual,NR,Number,BG,Bulgaria,1999,,233,,,,,
dataflow,ESTAT:ROAD_EQS_CARHAB(1.0),Passenger cars - per thousand inhabitants,A,Annual,NR,Number,BG,Bulgaria,2000,,245,,,,,
dataflow,ESTAT:ROAD_EQS_CARHAB(1.0),Passenger cars - per thousand inhabitants,A,Annual,NR,Number,BG,Bulgaria,2001,,265,,,,,
dataflow,ESTAT:ROAD_EQS_CARHAB(1.0),Passenger cars - per thousand inhabitants,A,Annual,NR,Number,BG,Bulgaria,2002,,279,,,,,
dataflow,ESTAT:ROAD_EQS_CARHAB(1.0),Passenger cars - per thousand inhabitants,A,Annual,NR,Number,BG,Bulgaria,2003,,298,,,,,
dataflow,ESTAT:ROAD_EQS_CARHAB(1.0),Passenger cars - per thousand inhabitants,A,Annual,NR,Number,BG,Bulgaria,2004,,317,,,,,
dataflow,ESTAT:ROAD_EQS_CARHAB(1.0),Passenger cars - per thousand inhabitants,A,Annual,NR,Number,BG,Bulgaria,2005,,333,,,,,
dataflow,ESTAT:ROAD_EQS_CARHAB(1.0),Passenger cars - per thousand inhabitants,A,Annual,NR,Number,BG,Bulgaria,2006,,233,,,,,
dataflow,ESTAT:ROAD_EQS_CARHAB(1.0),Passenger cars - per thousand inhabitants,A,Annual,NR,Number,BG,Bulgaria,2007,,277,,,,,
dataflow,ESTAT:ROAD_EQS_CARHAB(1.0),Passenger cars - per thousand inhabitants,A,Annual,NR,Number,BG,Bulgaria,2008,,317,,,,,
dataflow,ESTAT:ROAD_EQS_CARHAB(1.0),Passenger cars - per thousand inhabitants,A,Annual,NR,Number,BG,Bulgaria,2009,,337,,,,,
dataflow,ESTAT:ROAD_EQS_CARHAB(1.0),Passenger cars - per thousand inhabitants,A,Annual,NR,Number,BG,Bulgaria,2010,,353,,,,,
dataflow,ESTAT:ROAD_EQS_CARHAB(1.0),Passenger cars - per thousand inhabitants,A,Annual,NR,Number,BG,Bulgaria,2011,,368,,,,,
dataflow,ESTAT:ROAD_EQS_CARHAB(1.0),Passenger cars - per thousand inhabitants,A,Annual,NR,Number,BG,Bulgaria,2012,,385,,,,,
dataflow,ESTAT:ROAD_EQS_CARHAB(1.0),Passenger cars - per thousand inhabitants,A,Annual,NR,Number,BG,Bulgaria,2013,,409,,,,,
dataflow,ESTAT:ROAD_EQS_CARHAB(1.0),Passenger cars - per thousand inhabitants,A,Annual,NR,Number,BG,Bulgaria,2014,,429,,,,,
dataflow,ESTAT:ROAD_EQS_CARHAB(1.0),Passenger cars - per thousand inhabitants,A,Annual,NR,Number,BG,Bulgaria,2015,,456,,,,,
dataflow,ESTAT:ROAD_EQS_CARHAB(1.0),Passenger cars - per thousand inhabitants,A,Annual,NR,Number,BG,Bulgaria,2016,,459,,,,,
dataflow,ESTAT:ROAD_EQS_CARHAB(1.0),Passenger cars - per thousand inhabitants,A,Annual,NR,Number,BG,Bulgaria,2017,,410,,,,,
dataflow,ESTAT:ROAD_EQS_CARHAB(1.0),Passenger cars - per thousand inhabitants,A,Annual,NR,Number,BG,Bulgaria,2018,,416,,,,,
dataflow,ESTAT:ROAD_EQS_CARHAB(1.0),Passenger cars - per thousand inhabitants,A,Annual,NR,Number,BG,Bulgaria,2019,,431,,,,,
dataflow,ESTAT:ROAD_EQS_CARHAB(1.0),Passenger cars - per thousand inhabitants,A,Annual,NR,Number,BG,Bulgaria,2020,,439,,,,,
dataflow,ESTAT:ROAD_EQS_CARHAB(1.0),Passenger cars - per thousand inhabitants,A,Annual,NR,Number,BG,Bulgaria,2021,,437,,,,,
dataflow,ESTAT:ROAD_EQS_CARHAB(1.0),Passenger cars - per thousand inhabitants,A,Annual,NR,Number,BG,Bulgaria,2022,,449,,,,,
dataflow,ESTAT:ROAD_EQS_CARHAB(1.0),Passenger cars - per thousand inhabitants,A,Annual,NR,Number,BG,Bulgaria,2023,,466,,,,,
dataflow,ESTAT:ROAD_EQS_CARHAB(1.0),Passenger cars - per thousand inhabitants,A,Annual,NR,Number,BG,Bulgaria,2024,,484,,,,,
dataflow,ESTAT:ROAD_EQS_CARHAB(1.0),Passenger cars - per thousand inhabitants,A,Annual,NR,Number,CH,Switzerland,1991,,447,,,,,
dataflow,ESTAT:ROAD_EQS_CARHAB(1.0),Passenger cars - per thousand inhabitants,A,Annual,NR,Number,CH,Switzerland,1992,,447,,,,,
dataflow,ESTAT:ROAD_EQS_CARHAB(1.0),Passenger cars - per thousand inhabitants,A,Annual,NR,Number,CH,Switzerland,1993,,446,,,,,
dataflow,ESTAT:ROAD_EQS_CARHAB(1.0),Passenger cars - per thousand inhabitants,A,Annual,NR,Number,CH,Switzerland,1994,,451,,,,,
dataflow,ESTAT:ROAD_EQS_CARHAB(1.0),Passenger cars - per thousand inhabitants,A,Annual,NR,Number,CH,Switzerland,1995,,457,,,,,
dataflow,ESTAT:ROAD_EQS_CARHAB(1.0),Passenger cars - per thousand inhabitants,A,Annual,NR,Number,CH,Switzerland,1996,,461,,,,,
dataflow,ESTAT:ROAD_EQS_CARHAB(1.0),Passenger cars - per thousand inhabitants,A,Annual,NR,Number,CH,Switzerland,1997,,468,,,,,
dataflow,ESTAT:ROAD_EQS_CARHAB(1.0),Passenger cars - per thousand inhabitants,A,Annual,NR,Number,CH,Switzerland,1998,,475,,,,,
dataflow,ESTAT:ROAD_EQS_CARHAB(1.0),Passenger cars - per thousand inhabitants,A,Annual,NR,Number,CH,Switzerland,1999,,484,,,,,
dataflow,ESTAT:ROAD_EQS_CARHAB(1.0),Passenger cars - per thousand inhabitants,A,Annual,NR,Number,CH,Switzerland,2000,,492,,,,,
dataflow,ESTAT:ROAD_EQS_CARHAB(1.0),Passenger cars - per thousand inhabitants,A,Annual,NR,Number,CH,Switzerland,2001,,500,,,,,
dataflow,ESTAT:ROAD_EQS_CARHAB(1.0),Passenger cars - per thousand inhabitants,A,Annual,NR,Number,CH,Switzerland,2002,,506,,,,,
dataflow,ESTAT:ROAD_EQS_CARHAB(1.0),Passenger cars - per thousand inhabitants,A,Annual,NR,Number,CH,Switzerland,2003,,510,,,,,
dataflow,ESTAT:ROAD_EQS_CARHAB(1.0),Passenger cars - per thousand inhabitants,A,Annual,NR,Number,CH,Switzerland,2004,,514,,,,,
dataflow,ESTAT:ROAD_EQS_CARHAB(1.0),Passenger cars - per thousand inhabitants,A,Annual,NR,Number,CH,Switzerland,2005,,518,,,,,
dataflow,ESTAT:ROAD_EQS_CARHAB(1.0),Passenger cars - per thousand inhabitants,A,Annual,NR,Number,CH,Switzerland,2006,,519,,e,estimated,,
dataflow,ESTAT:ROAD_EQS_CARHAB(1.0),Passenger cars - per thousand inhabitants,A,Annual,NR,Number,CH,Switzerland,2007,,521,,e,estimated,,
dataflow,ESTAT:ROAD_EQS_CARHAB(1.0),Passenger cars - per thousand inhabitants,A,Annual,NR,Number,CH,Switzerland,2008,,518,,e,estimated,,
dataflow,ESTAT:ROAD_EQS_CARHAB(1.0),Passenger cars - per thousand inhabitants,A,Annual,NR,Number,CH,Switzerland,2009,,515,,e,estimated,,
dataflow,ESTAT:ROAD_EQS_CARHAB(1.0),Passenger cars - per thousand inhabitants,A,Annual,NR,Number,CH,Switzerland,2010,,518,,be,"break in time series, estimated",,
dataflow,ESTAT:ROAD_EQS_CARHAB(1.0),Passenger cars - per thousand inhabitants,A,Annual,NR,Number,CH,Switzerland,2011,,523,,e,estimated,,
dataflow,ESTAT:ROAD_EQS_CARHAB(1.0),Passenger cars - per thousand inhabitants,A,Annual,NR,Number,CH,Switzerland,2012,,529,,e,estimated,,
dataflow,ESTAT:ROAD_EQS_CARHAB(1.0),Passenger cars - per thousand inhabitants,A,Annual,NR,Number,CH,Switzerland,2013,,536,,,,,
dataflow,ESTAT:ROAD_EQS_CARHAB(1.0),Passenger cars - per thousand inhabitants,A,Annual,NR,Number,CH,Switzerland,2014,,538,,,,,
dataflow,ESTAT:ROAD_EQS_CARHAB(1.0),Passenger cars - per thousand inhabitants,A,Annual,NR,Number,CH,Switzerland,2015,,541,,,,,
dataflow,ESTAT:ROAD_EQS_CARHAB(1.0),Passenger cars - per thousand inhabitants,A,Annual,NR,Number,CH,Switzerland,2016,,544,,,,,
dataflow,ESTAT:ROAD_EQS_CARHAB(1.0),Passenger cars - per thousand inhabitants,A,Annual,NR,Number,CH,Switzerland,2017,,546,,,,,
dataflow,ESTAT:ROAD_EQS_CARHAB(1.0),Passenger cars - per thousand inhabitants,A,Annual,NR,Number,CH,Switzerland,2018,,546,,,,,
dataflow,ESTAT:ROAD_EQS_CARHAB(1.0),Passenger cars - per thousand inhabitants,A,Annual,NR,Number,CH,Switzerland,2019,,545,,,,,
dataflow,ESTAT:ROAD_EQS_CARHAB(1.0),Passenger cars - per thousand inhabitants,A,Annual,NR,Number,CH,Switzerland,2020,,546,,,,,
dataflow,ESTAT:ROAD_EQS_CARHAB(1.0),Passenger cars - per thousand inhabitants,A,Annual,NR,Number,CH,Switzerland,2021,,549,,,,,
dataflow,ESTAT:ROAD_EQS_CARHAB(1.0),Passenger cars - per thousand inhabitants,A,Annual,NR,Number,CH,Switzerland,2022,,546,,,,,
dataflow,ESTAT:ROAD_EQS_CARHAB(1.0),Passenger cars - per thousand inhabitants,A,Annual,NR,Number,CH,Switzerland,2023,,542,,,,,
dataflow,ESTAT:ROAD_EQS_CARHAB(1.0),Passenger cars - per thousand inhabitants,A,Annual,NR,Number,CH,Switzerland,2024,,542,,p,provisional,,
dataflow,ESTAT:ROAD_EQS_CARHAB(1.0),Passenger cars - per thousand inhabitants,A,Annual,NR,Number,CY,Cyprus,1990,,305,,,,,
dataflow,ESTAT:ROAD_EQS_CARHAB(1.0),Passenger cars - per thousand inhabitants,A,Annual,NR,Number,CY,Cyprus,1991,,315,,,,,
dataflow,ESTAT:ROAD_EQS_CARHAB(1.0),Passenger cars - per thousand inhabitants,A,Annual,NR,Number,CY,Cyprus,1992,,320,,,,,
dataflow,ESTAT:ROAD_EQS_CARHAB(1.0),Passenger cars - per thousand inhabitants,A,Annual,NR,Number,CY,Cyprus,1993,,321,,,,,
dataflow,ESTAT:ROAD_EQS_CARHAB(1.0),Passenger cars - per thousand inhabitants,A,Annual,NR,Number,CY,Cyprus,1994,,325,,,,,
dataflow,ESTAT:ROAD_EQS_CARHAB(1.0),Passenger cars - per thousand inhabitants,A,Annual,NR,Number,CY,Cyprus,1995,,335,,,,,
dataflow,ESTAT:ROAD_EQS_CARHAB(1.0),Passenger cars - per thousand inhabitants,A,Annual,NR,Number,CY,Cyprus,1996,,341,,,,,
dataflow,ESTAT:ROAD_EQS_CARHAB(1.0),Passenger cars - per thousand inhabitants,A,Annual,NR,Number,CY,Cyprus,1997,,348,,,,,
dataflow,ESTAT:ROAD_EQS_CARHAB(1.0),Passenger cars - per thousand inhabitants,A,Annual,NR,Number,CY,Cyprus,1998,,365,,,,,
dataflow,ESTAT:ROAD_EQS_CARHAB(1.0),Passenger cars - per thousand inhabitants,A,Annual,NR,Number,CY,Cyprus,1999,,372,,,,,
dataflow,ESTAT:ROAD_EQS_CARHAB(1.0),Passenger cars - per thousand inhabitants,A,Annual,NR,Number,CY,Cyprus,2000,,384,,,,,
dataflow,ESTAT:ROAD_EQS_CARHAB(1.0),Passenger cars - per thousand inhabitants,A,Annual,NR,Number,CY,Cyprus,2001,,397,,,,,
dataflow,ESTAT:ROAD_EQS_CARHAB(1.0),Passenger cars - per thousand inhabitants,A,Annual,NR,Number,CY,Cyprus,2002,,404,,,,,
dataflow,ESTAT:ROAD_EQS_CARHAB(1.0),Passenger cars - per thousand inhabitants,A,Annual,NR,Number,CY,Cyprus,2003,,419,,,,,
dataflow,ESTAT:ROAD_EQS_CARHAB(1.0),Passenger cars - per thousand inhabitants,A,Annual,NR,Number,CY,Cyprus,2004,,458,,,,,
dataflow,ESTAT:ROAD_EQS_CARHAB(1.0),Passenger cars - per thousand inhabitants,A,Annual,NR,Number,CY,Cyprus,2005,,477,,,,,
dataflow,ESTAT:ROAD_EQS_CARHAB(1.0),Passenger cars - per thousand inhabitants,A,Annual,NR,Number,CY,Cyprus,2006,,492,,,,,
dataflow,ESTAT:ROAD_EQS_CARHAB(1.0),Passenger cars - per thousand inhabitants,A,Annual,NR,Number,CY,Cyprus,2007,,529,,,,,
dataflow,ESTAT:ROAD_EQS_CARHAB(1.0),Passenger cars - per thousand inhabitants,A,Annual,NR,Number,CY,Cyprus,2008,,557,,,,,
dataflow,ESTAT:ROAD_EQS_CARHAB(1.0),Passenger cars - per thousand inhabitants,A,Annual,NR,Number,CY,Cyprus,2009,,563,,,,,
dataflow,ESTAT:ROAD_EQS_CARHAB(1.0),Passenger cars - per thousand inhabitants,A,Annual,NR,Number,CY,Cyprus,2010,,551,,,,,
dataflow,ESTAT:ROAD_EQS_CARHAB(1.0),Passenger cars - per thousand inhabitants,A,Annual,NR,Number,CY,Cyprus,2011,,545,,,,,
dataflow,ESTAT:ROAD_EQS_CARHAB(1.0),Passenger cars - per thousand inhabitants,A,Annual,NR,Number,CY,Cyprus,2012,,549,,,,,
dataflow,ESTAT:ROAD_EQS_CARHAB(1.0),Passenger cars - per thousand inhabitants,A,Annual,NR,Number,CY,Cyprus,2013,,552,,,,,
dataflow,ESTAT:ROAD_EQS_CARHAB(1.0),Passenger cars - per thousand inhabitants,A,Annual,NR,Number,CY,Cyprus,2014,,556,,,,,
dataflow,ESTAT:ROAD_EQS_CARHAB(1.0),Passenger cars - per thousand inhabitants,A,Annual,NR,Number,CY,Cyprus,2015,,565,,,,,
dataflow,ESTAT:ROAD_EQS_CARHAB(1.0),Passenger cars - per thousand inhabitants,A,Annual,NR,Number,CY,Cyprus,2016,,584,,,,,
dataflow,ESTAT:ROAD_EQS_CARHAB(1.0),Passenger cars - per thousand inhabitants,A,Annual,NR,Number,CY,Cyprus,2017,,599,,,,,
dataflow,ESTAT:ROAD_EQS_CARHAB(1.0),Passenger cars - per thousand inhabitants,A,Annual,NR,Number,CY,Cyprus,2018,,619,,,,,
dataflow,ESTAT:ROAD_EQS_CARHAB(1.0),Passenger cars - per thousand inhabitants,A,Annual,NR,Number,CY,Cyprus,2019,,634,,,,,
dataflow,ESTAT:ROAD_EQS_CARHAB(1.0),Passenger cars - per thousand inhabitants,A,Annual,NR,Number,CY,Cyprus,2020,,632,,,,,
dataflow,ESTAT:ROAD_EQS_CARHAB(1.0),Passenger cars - per thousand inhabitants,A,Annual,NR,Number,CY,Cyprus,2021,,637,,,,,
dataflow,ESTAT:ROAD_EQS_CARHAB(1.0),Passenger cars - per thousand inhabitants,A,Annual,NR,Number,CY,Cyprus,2022,,633,,,,,
dataflow,ESTAT:ROAD_EQS_CARHAB(1.0),Passenger cars - per thousand inhabitants,A,Annual,NR,Number,CY,Cyprus,2023,,647,,,,,
dataflow,ESTAT:ROAD_EQS_CARHAB(1.0),Passenger cars - per thousand inhabitants,A,Annual,NR,Number,CY,Cyprus,2024,,661,,p,provisional,,
dataflow,ESTAT:ROAD_EQS_CARHAB(1.0),Passenger cars - per thousand inhabitants,A,Annual,NR,Number,CZ,Czechia,1990,,234,,,,,
dataflow,ESTAT:ROAD_EQS_CARHAB(1.0),Passenger cars - per thousand inhabitants,A,Annual,NR,Number,CZ,Czechia,1993,,274,,,,,
dataflow,ESTAT:ROAD_EQS_CARHAB(1.0),Passenger cars - per thousand inhabitants,A,Annual,NR,Number,CZ,Czechia,1994,,283,,,,,
dataflow,ESTAT:ROAD_EQS_CARHAB(1.0),Passenger cars - per thousand inhabitants,A,Annual,NR,Number,CZ,Czechia,1995,,295,,,,,
dataflow,ESTAT:ROAD_EQS_CARHAB(1.0),Passenger cars - per thousand inhabitants,A,Annual,NR,Number,CZ,Czechia,1996,,310,,,,,
dataflow,ESTAT:ROAD_EQS_CARHAB(1.0),Passenger cars - per thousand inhabitants,A,Annual,NR,Number,CZ,Czechia,1997,,329,,,,,
dataflow,ESTAT:ROAD_EQS_CARHAB(1.0),Passenger cars - per thousand inhabitants,A,Annual,NR,Number,CZ,Czechia,1998,,339,,,,,
dataflow,ESTAT:ROAD_EQS_CARHAB(1.0),Passenger cars - per thousand inhabitants,A,Annual,NR,Number,CZ,Czechia,1999,,335,,,,,
dataflow,ESTAT:ROAD_EQS_CARHAB(1.0),Passenger cars - per thousand inhabitants,A,Annual,NR,Number,CZ,Czechia,2000,,336,,,,,
dataflow,ESTAT:ROAD_EQS_CARHAB(1.0),Passenger cars - per thousand inhabitants,A,Annual,NR,Number,CZ,Czechia,2001,,346,,,,,
dataflow,ESTAT:ROAD_EQS_CARHAB(1.0),Passenger cars - per thousand inhabitants,A,Annual,NR,Number,CZ,Czechia,2002,,358,,,,,
dataflow,ESTAT:ROAD_EQS_CARHAB(1.0),Passenger cars - per thousand inhabitants,A,Annual,NR,Number,CZ,Czechia,2003,,364,,,,,
dataflow,ESTAT:ROAD_EQS_CARHAB(1.0),Passenger cars - per thousand inhabitants,A,Annual,NR,Number,CZ,Czechia,2004,,374,,,,,
dataflow,ESTAT:ROAD_EQS_CARHAB(1.0),Passenger cars - per thousand inhabitants,A,Annual,NR,Number,CZ,Czechia,2005,,387,,,,,
dataflow,ESTAT:ROAD_EQS_CARHAB(1.0),Passenger cars - per thousand inhabitants,A,Annual,NR,Number,CZ,Czechia,2006,,401,,,,,
dataflow,ESTAT:ROAD_EQS_CARHAB(1.0),Passenger cars - per thousand inhabitants,A,Annual,NR,Number,CZ,Czechia,2007,,414,,,,,
dataflow,ESTAT:ROAD_EQS_CARHAB(1.0),Passenger cars - per thousand inhabitants,A,Annual,NR,Number,CZ,Czechia,2008,,424,,,,,
dataflow,ESTAT:ROAD_EQS_CARHAB(1.0),Passenger cars - per thousand inhabitants,A,Annual,NR,Number,CZ,Czechia,2009,,424,,,,,
dataflow,ESTAT:ROAD_EQS_CARHAB(1.0),Passenger cars - per thousand inhabitants,A,Annual,NR,Number,CZ,Czechia,2010,,429,,,,,
dataflow,ESTAT:ROAD_EQS_CARHAB(1.0),Passenger cars - per thousand inhabitants,A,Annual,NR,Number,CZ,Czechia,2011,,436,,,,,
dataflow,ESTAT:ROAD_EQS_CARHAB(1.0),Passenger cars - per thousand inhabitants,A,Annual,NR,Number,CZ,Czechia,2012,,448,,,,,
dataflow,ESTAT:ROAD_EQS_CARHAB(1.0),Passenger cars - per thousand inhabitants,A,Annual,NR,Number,CZ,Czechia,2013,,450,,,,,
dataflow,ESTAT:ROAD_EQS_CARHAB(1.0),Passenger cars - per thousand inhabitants,A,Annual,NR,Number,CZ,Czechia,2014,,459,,,,,
dataflow,ESTAT:ROAD_EQS_CARHAB(1.0),Passenger cars - per thousand inhabitants,A,Annual,NR,Number,CZ,Czechia,2015,,485,,,,,
dataflow,ESTAT:ROAD_EQS_CARHAB(1.0),Passenger cars - per thousand inhabitants,A,Annual,NR,Number,CZ,Czechia,2016,,502,,,,,
dataflow,ESTAT:ROAD_EQS_CARHAB(1.0),Passenger cars - per thousand inhabitants,A,Annual,NR,Number,CZ,Czechia,2017,,522,,,,,
dataflow,ESTAT:ROAD_EQS_CARHAB(1.0),Passenger cars - per thousand inhabitants,A,Annual,NR,Number,CZ,Czechia,2018,,540,,,,,
dataflow,ESTAT:ROAD_EQS_CARHAB(1.0),Passenger cars - per thousand inhabitants,A,Annual,NR,Number,CZ,Czechia,2019,,554,,,,,
dataflow,ESTAT:ROAD_EQS_CARHAB(1.0),Passenger cars - per thousand inhabitants,A,Annual,NR,Number,CZ,Czechia,2020,,576,,b,break in time series,,
dataflow,ESTAT:ROAD_EQS_CARHAB(1.0),Passenger cars - per thousand inhabitants,A,Annual,NR,Number,CZ,Czechia,2021,,579,,,,,
dataflow,ESTAT:ROAD_EQS_CARHAB(1.0),Passenger cars - per thousand inhabitants,A,Annual,NR,Number,CZ,Czechia,2022,,582,,,,,
dataflow,ESTAT:ROAD_EQS_CARHAB(1.0),Passenger cars - per thousand inhabitants,A,Annual,NR,Number,CZ,Czechia,2023,,597,,,,,
dataflow,ESTAT:ROAD_EQS_CARHAB(1.0),Passenger cars - per thousand inhabitants,A,Annual,NR,Number,CZ,Czechia,2024,,608,,,,,
dataflow,ESTAT:ROAD_EQS_CARHAB(1.0),Passenger cars - per thousand inhabitants,A,Annual,NR,Number,DE,Germany,1990,,385,,,,,
dataflow,ESTAT:ROAD_EQS_CARHAB(1.0),Passenger cars - per thousand inhabitants,A,Annual,NR,Number,DE,Germany,1991,,390,,,,,
dataflow,ESTAT:ROAD_EQS_CARHAB(1.0),Passenger cars - per thousand inhabitants,A,Annual,NR,Number,DE,Germany,1992,,445,,,,,
dataflow,ESTAT:ROAD_EQS_CARHAB(1.0),Passenger cars - per thousand inhabitants,A,Annual,NR,Number,DE,Germany,1993,,477,,,,,
dataflow,ESTAT:ROAD_EQS_CARHAB(1.0),Passenger cars - per thousand inhabitants,A,Annual,NR,Number,DE,Germany,1994,,488,,,,,
dataflow,ESTAT:ROAD_EQS_CARHAB(1.0),Passenger cars - per thousand inhabitants,A,Annual,NR,Number,DE,Germany,1995,,494,,,,,
dataflow,ESTAT:ROAD_EQS_CARHAB(1.0),Passenger cars - per thousand inhabitants,A,Annual,NR,Number,DE,Germany,1996,,500,,,,,
dataflow,ESTAT:ROAD_EQS_CARHAB(1.0),Passenger cars - per thousand inhabitants,A,Annual,NR,Number,DE,Germany,1997,,504,,,,,
dataflow,ESTAT:ROAD_EQS_CARHAB(1.0),Passenger cars - per thousand inhabitants,A,Annual,NR,Number,DE,Germany,1998,,508,,,,,
dataflow,ESTAT:ROAD_EQS_CARHAB(1.0),Passenger cars - per thousand inhabitants,A,Annual,NR,Number,DE,Germany,1999,,515,,,,,
dataflow,ESTAT:ROAD_EQS_CARHAB(1.0),Passenger cars - per thousand inhabitants,A,Annual,NR,Number,DE,Germany,2000,,532,,b,break in time series,,
dataflow,ESTAT:ROAD_EQS_CARHAB(1.0),Passenger cars - per thousand inhabitants,A,Annual,NR,Number,DE,Germany,2001,,538,,,,,
dataflow,ESTAT:ROAD_EQS_CARHAB(1.0),Passenger cars - per thousand inhabitants,A,Annual,NR,Number,DE,Germany,2002,,541,,,,,
dataflow,ESTAT:ROAD_EQS_CARHAB(1.0),Passenger cars - per thousand inhabitants,A,Annual,NR,Number,DE,Germany,2003,,546,,,,,
dataflow,ESTAT:ROAD_EQS_CARHAB(1.0),Passenger cars - per thousand inhabitants,A,Annual,NR,Number,DE,Germany,2004,,550,,,,,
dataflow,ESTAT:ROAD_EQS_CARHAB(1.0),Passenger cars - per thousand inhabitants,A,Annual,NR,Number,DE,Germany,2005,,559,,,,,
dataflow,ESTAT:ROAD_EQS_CARHAB(1.0),Passenger cars - per thousand inhabitants,A,Annual,NR,Number,DE,Germany,2006,,566,,,,,
dataflow,ESTAT:ROAD_EQS_CARHAB(1.0),Passenger cars - per thousand inhabitants,A,Annual,NR,Number,DE,Germany,2007,,501,,b,break in time series,,
dataflow,ESTAT:ROAD_EQS_CARHAB(1.0),Passenger cars - per thousand inhabitants,A,Annual,NR,Number,DE,Germany,2008,,504,,,,,
dataflow,ESTAT:ROAD_EQS_CARHAB(1.0),Passenger cars - per thousand inhabitants,A,Annual,NR,Number,DE,Germany,2009,,510,,,,,
dataflow,ESTAT:ROAD_EQS_CARHAB(1.0),Passenger cars - per thousand inhabitants,A,Annual,NR,Number,DE,Germany,2010,,527,,b,break in time series,,
dataflow,ESTAT:ROAD_EQS_CARHAB(1.0),Passenger cars - per thousand inhabitants,A,Annual,NR,Number,DE,Germany,2011,,534,,,,,
dataflow,ESTAT:ROAD_EQS_CARHAB(1.0),Passenger cars - per thousand inhabitants,A,Annual,NR,Number,DE,Germany,2012,,539,,,,,
dataflow,ESTAT:ROAD_EQS_CARHAB(1.0),Passenger cars - per thousand inhabitants,A,Annual,NR,Number,DE,Germany,2013,,543,,,,,
dataflow,ESTAT:ROAD_EQS_CARHAB(1.0),Passenger cars - per thousand inhabitants,A,Annual,NR,Number,DE,Germany,2014,,547,,,,,
dataflow,ESTAT:ROAD_EQS_CARHAB(1.0),Passenger cars - per thousand inhabitants,A,Annual,NR,Number,DE,Germany,2015,,548,,,,,
dataflow,ESTAT:ROAD_EQS_CARHAB(1.0),Passenger cars - per thousand inhabitants,A,Annual,NR,Number,DE,Germany,2016,,555,,,,,
dataflow,ESTAT:ROAD_EQS_CARHAB(1.0),Passenger cars - per thousand inhabitants,A,Annual,NR,Number,DE,Germany,2017,,561,,,,,
dataflow,ESTAT:ROAD_EQS_CARHAB(1.0),Passenger cars - per thousand inhabitants,A,Annual,NR,Number,DE,Germany,2018,,567,,,,,
dataflow,ESTAT:ROAD_EQS_CARHAB(1.0),Passenger cars - per thousand inhabitants,A,Annual,NR,Number,DE,Germany,2019,,574,,,,,
dataflow,ESTAT:ROAD_EQS_CARHAB(1.0),Passenger cars - per thousand inhabitants,A,Annual,NR,Number,DE,Germany,2020,,580,,,,,
dataflow,ESTAT:ROAD_EQS_CARHAB(1.0),Passenger cars - per thousand inhabitants,A,Annual,NR,Number,DE,Germany,2021,,583,,,,,
dataflow,ESTAT:ROAD_EQS_CARHAB(1.0),Passenger cars - per thousand inhabitants,A,Annual,NR,Number,DE,Germany,2022,,587,,b,break in time series,,
dataflow,ESTAT:ROAD_EQS_CARHAB(1.0),Passenger cars - per thousand inhabitants,A,Annual,NR,Number,DE,Germany,2023,,588,,,,,
dataflow,ESTAT:ROAD_EQS_CARHAB(1.0),Passenger cars - per thousand inhabitants,A,Annual,NR,Number,DE,Germany,2024,,590,,,,,
dataflow,ESTAT:ROAD_EQS_CARHAB(1.0),Passenger cars - per thousand inhabitants,A,Annual,NR,Number,DK,Denmark,1990,,309,,,,,
dataflow,ESTAT:ROAD_EQS_CARHAB(1.0),Passenger cars - per thousand inhabitants,A,Annual,NR,Number,DK,Denmark,1991,,309,,,,,
dataflow,ESTAT:ROAD_EQS_CARHAB(1.0),Passenger cars - per thousand inhabitants,A,Annual,NR,Number,DK,Denmark,1992,,310,,,,,
dataflow,ESTAT:ROAD_EQS_CARHAB(1.0),Passenger cars - per thousand inhabitants,A,Annual,NR,Number,DK,Denmark,1993,,309,,,,,
dataflow,ESTAT:ROAD_EQS_CARHAB(1.0),Passenger cars - per thousand inhabitants,A,Annual,NR,Number,DK,Denmark,1994,,310,,,,,
dataflow,ESTAT:ROAD_EQS_CARHAB(1.0),Passenger cars - per thousand inhabitants,A,Annual,NR,Number,DK,Denmark,1995,,307,,,,,
dataflow,ESTAT:ROAD_EQS_CARHAB(1.0),Passenger cars - per thousand inhabitants,A,Annual,NR,Number,DK,Denmark,1996,,318,,,,,
dataflow,ESTAT:ROAD_EQS_CARHAB(1.0),Passenger cars - per thousand inhabitants,A,Annual,NR,Number,DK,Denmark,1997,,328,,,,,
dataflow,ESTAT:ROAD_EQS_CARHAB(1.0),Passenger cars - per thousand inhabitants,A,Annual,NR,Number,DK,Denmark,1998,,336,,,,,
dataflow,ESTAT:ROAD_EQS_CARHAB(1.0),Passenger cars - per thousand inhabitants,A,Annual,NR,Number,DK,Denmark,1999,,341,,,,,
dataflow,ESTAT:ROAD_EQS_CARHAB(1.0),Passenger cars - per thousand inhabitants,A,Annual,NR,Number,DK,Denmark,2000,,345,,,,,
dataflow,ESTAT:ROAD_EQS_CARHAB(1.0),Passenger cars - per thousand inhabitants,A,Annual,NR,Number,DK,Denmark,2001,,345,,,,,
dataflow,ESTAT:ROAD_EQS_CARHAB(1.0),Passenger cars - per thousand inhabitants,A,Annual,NR,Number,DK,Denmark,2002,,348,,,,,
dataflow,ESTAT:ROAD_EQS_CARHAB(1.0),Passenger cars - per thousand inhabitants,A,Annual,NR,Number,DK,Denmark,2003,,350,,,,,
dataflow,ESTAT:ROAD_EQS_CARHAB(1.0),Passenger cars - per thousand inhabitants,A,Annual,NR,Number,DK,Denmark,2004,,350,,,,,
dataflow,ESTAT:ROAD_EQS_CARHAB(1.0),Passenger cars - per thousand inhabitants,A,Annual,NR,Number,DK,Denmark,2005,,353,,,,,
dataflow,ESTAT:ROAD_EQS_CARHAB(1.0),Passenger cars - per thousand inhabitants,A,Annual,NR,Number,DK,Denmark,2006,,371,,,,,
dataflow,ESTAT:ROAD_EQS_CARHAB(1.0),Passenger cars - per thousand inhabitants,A,Annual,NR,Number,DK,Denmark,2007,,378,,,,,
dataflow,ESTAT:ROAD_EQS_CARHAB(1.0),Passenger cars - per thousand inhabitants,A,Annual,NR,Number,DK,Denmark,2008,,381,,,,,
dataflow,ESTAT:ROAD_EQS_CARHAB(1.0),Passenger cars - per thousand inhabitants,A,Annual,NR,Number,DK,Denmark,2009,,383,,,,,
dataflow,ESTAT:ROAD_EQS_CARHAB(1.0),Passenger cars - per thousand inhabitants,A,Annual,NR,Number,DK,Denmark,2010,,389,,,,,
dataflow,ESTAT:ROAD_EQS_CARHAB(1.0),Passenger cars - per thousand inhabitants,A,Annual,NR,Number,DK,Denmark,2011,,394,,,,,
dataflow,ESTAT:ROAD_EQS_CARHAB(1.0),Passenger cars - per thousand inhabitants,A,Annual,NR,Number,DK,Denmark,2012,,399,,,,,
dataflow,ESTAT:ROAD_EQS_CARHAB(1.0),Passenger cars - per thousand inhabitants,A,Annual,NR,Number,DK,Denmark,2013,,405,,,,,
dataflow,ESTAT:ROAD_EQS_CARHAB(1.0),Passenger cars - per thousand inhabitants,A,Annual,NR,Number,DK,Denmark,2014,,410,,,,,
dataflow,ESTAT:ROAD_EQS_CARHAB(1.0),Passenger cars - per thousand inhabitants,A,Annual,NR,Number,DK,Denmark,2015,,419,,,,,
dataflow,ESTAT:ROAD_EQS_CARHAB(1.0),Passenger cars - per thousand inhabitants,A,Annual,NR,Number,DK,Denmark,2016,,429,,,,,
dataflow,ESTAT:ROAD_EQS_CARHAB(1.0),Passenger cars - per thousand inhabitants,A,Annual,NR,Number,DK,Denmark,2017,,438,,,,,
dataflow,ESTAT:ROAD_EQS_CARHAB(1.0),Passenger cars - per thousand inhabitants,A,Annual,NR,Number,DK,Denmark,2018,,447,,,,,
dataflow,ESTAT:ROAD_EQS_CARHAB(1.0),Passenger cars - per thousand inhabitants,A,Annual,NR,Number,DK,Denmark,2019,,455,,,,,
dataflow,ESTAT:ROAD_EQS_CARHAB(1.0),Passenger cars - per thousand inhabitants,A,Annual,NR,Number,DK,Denmark,2020,,466,,,,,
dataflow,ESTAT:ROAD_EQS_CARHAB(1.0),Passenger cars - per thousand inhabitants,A,Annual,NR,Number,DK,Denmark,2021,,475,,,,,
dataflow,ESTAT:ROAD_EQS_CARHAB(1.0),Passenger cars - per thousand inhabitants,A,Annual,NR,Number,DK,Denmark,2022,,472,,,,,
dataflow,ESTAT:ROAD_EQS_CARHAB(1.0),Passenger cars - per thousand inhabitants,A,Annual,NR,Number,DK,Denmark,2023,,474,,,,,
dataflow,ESTAT:ROAD_EQS_CARHAB(1.0),Passenger cars - per thousand inhabitants,A,Annual,NR,Number,DK,Denmark,2024,,478,,,,,
dataflow,ESTAT:ROAD_EQS_CARHAB(1.0),Passenger cars - per thousand inhabitants,A,Annual,NR,Number,EE,Estonia,1990,,154,,,,,
dataflow,ESTAT:ROAD_EQS_CARHAB(1.0),Passenger cars - per thousand inhabitants,A,Annual,NR,Number,EE,Estonia,1992,,188,,,,,
dataflow,ESTAT:ROAD_EQS_CARHAB(1.0),Passenger cars - per thousand inhabitants,A,Annual,NR,Number,EE,Estonia,1993,,215,,,,,
dataflow,ESTAT:ROAD_EQS_CARHAB(1.0),Passenger cars - per thousand inhabitants,A,Annual,NR,Number,EE,Estonia,1994,,233,,,,,
dataflow,ESTAT:ROAD_EQS_CARHAB(1.0),Passenger cars - per thousand inhabitants,A,Annual,NR,Number,EE,Estonia,1995,,269,,,,,
dataflow,ESTAT:ROAD_EQS_CARHAB(1.0),Passenger cars - per thousand inhabitants,A,Annual,NR,Number,EE,Estonia,1996,,289,,,,,
dataflow,ESTAT:ROAD_EQS_CARHAB(1.0),Passenger cars - per thousand inhabitants,A,Annual,NR,Number,EE,Estonia,1997,,307,,,,,
dataflow,ESTAT:ROAD_EQS_CARHAB(1.0),Passenger cars - per thousand inhabitants,A,Annual,NR,Number,EE,Estonia,1998,,327,,,,,
dataflow,ESTAT:ROAD_EQS_CARHAB(1.0),Passenger cars - per thousand inhabitants,A,Annual,NR,Number,EE,Estonia,1999,,327,,,,,
dataflow,ESTAT:ROAD_EQS_CARHAB(1.0),Passenger cars - per thousand inhabitants,A,Annual,NR,Number,EE,Estonia,2000,,333,,,,,
dataflow,ESTAT:ROAD_EQS_CARHAB(1.0),Passenger cars - per thousand inhabitants,A,Annual,NR,Number,EE,Estonia,2001,,294,,,,,
dataflow,ESTAT:ROAD_EQS_CARHAB(1.0),Passenger cars - per thousand inhabitants,A,Annual,NR,Number,EE,Estonia,2002,,291,,,,,
dataflow,ESTAT:ROAD_EQS_CARHAB(1.0),Passenger cars - per thousand inhabitants,A,Annual,NR,Number,EE,Estonia,2003,,318,,,,,
dataflow,ESTAT:ROAD_EQS_CARHAB(1.0),Passenger cars - per thousand inhabitants,A,Annual,NR,Number,EE,Estonia,2004,,347,,,,,
dataflow,ESTAT:ROAD_EQS_CARHAB(1.0),Passenger cars - per thousand inhabitants,A,Annual,NR,Number,EE,Estonia,2005,,366,,,,,
dataflow,ESTAT:ROAD_EQS_CARHAB(1.0),Passenger cars - per thousand inhabitants,A,Annual,NR,Number,EE,Estonia,2006,,413,,,,,
dataflow,ESTAT:ROAD_EQS_CARHAB(1.0),Passenger cars - per thousand inhabitants,A,Annual,NR,Number,EE,Estonia,2007,,391,,,,,
dataflow,ESTAT:ROAD_EQS_CARHAB(1.0),Passenger cars - per thousand inhabitants,A,Annual,NR,Number,EE,Estonia,2008,,413,,,,,
dataflow,ESTAT:ROAD_EQS_CARHAB(1.0),Passenger cars - per thousand inhabitants,A,Annual,NR,Number,EE,Estonia,2009,,409,,,,,
dataflow,ESTAT:ROAD_EQS_CARHAB(1.0),Passenger cars - per thousand inhabitants,A,Annual,NR,Number,EE,Estonia,2010,,416,,,,,
dataflow,ESTAT:ROAD_EQS_CARHAB(1.0),Passenger cars - per thousand inhabitants,A,Annual,NR,Number,EE,Estonia,2011,,433,,,,,
dataflow,ESTAT:ROAD_EQS_CARHAB(1.0),Passenger cars - per thousand inhabitants,A,Annual,NR,Number,EE,Estonia,2012,,456,,,,,
dataflow,ESTAT:ROAD_EQS_CARHAB(1.0),Passenger cars - per thousand inhabitants,A,Annual,NR,Number,EE,Estonia,2013,,478,,,,,
dataflow,ESTAT:ROAD_EQS_CARHAB(1.0),Passenger cars - per thousand inhabitants,A,Annual,NR,Number,EE,Estonia,2014,,497,,b,break in time series,,
dataflow,ESTAT:ROAD_EQS_CARHAB(1.0),Passenger cars - per thousand inhabitants,A,Annual,NR,Number,EE,Estonia,2015,,514,,,,,
dataflow,ESTAT:ROAD_EQS_CARHAB(1.0),Passenger cars - per thousand inhabitants,A,Annual,NR,Number,EE,Estonia,2016,,534,,,,,
dataflow,ESTAT:ROAD_EQS_CARHAB(1.0),Passenger cars - per thousand inhabitants,A,Annual,NR,Number,EE,Estonia,2017,,550,,,,,
dataflow,ESTAT:ROAD_EQS_CARHAB(1.0),Passenger cars - per thousand inhabitants,A,Annual,NR,Number,EE,Estonia,2018,,563,,,,,
dataflow,ESTAT:ROAD_EQS_CARHAB(1.0),Passenger cars - per thousand inhabitants,A,Annual,NR,Number,EE,Estonia,2019,,598,,,,,
dataflow,ESTAT:ROAD_EQS_CARHAB(1.0),Passenger cars - per thousand inhabitants,A,Annual,NR,Number,EE,Estonia,2020,,608,,,,,
dataflow,ESTAT:ROAD_EQS_CARHAB(1.0),Passenger cars - per thousand inhabitants,A,Annual,NR,Number,EE,Estonia,2021,,620,,,,,
dataflow,ESTAT:ROAD_EQS_CARHAB(1.0),Passenger cars - per thousand inhabitants,A,Annual,NR,Number,EE,Estonia,2022,,622,,,,,
dataflow,ESTAT:ROAD_EQS_CARHAB(1.0),Passenger cars - per thousand inhabitants,A,Annual,NR,Number,EE,Estonia,2023,,630,,,,,
dataflow,ESTAT:ROAD_EQS_CARHAB(1.0),Passenger cars - per thousand inhabitants,A,Annual,NR,Number,EE,Estonia,2024,,635,,,,,
dataflow,ESTAT:ROAD_EQS_CARHAB(1.0),Passenger cars - per thousand inhabitants,A,Annual,NR,Number,EL,Greece,1990,,169,,,,,
dataflow,ESTAT:ROAD_EQS_CARHAB(1.0),Passenger cars - per thousand inhabitants,A,Annual,NR,Number,EL,Greece,1991,,171,,,,,
dataflow,ESTAT:ROAD_EQS_CARHAB(1.0),Passenger cars - per thousand inhabitants,A,Annual,NR,Number,EL,Greece,1992,,175,,,,,
dataflow,ESTAT:ROAD_EQS_CARHAB(1.0),Passenger cars - per thousand inhabitants,A,Annual,NR,Number,EL,Greece,1993,,187,,,,,
dataflow,ESTAT:ROAD_EQS_CARHAB(1.0),Passenger cars - per thousand inhabitants,A,Annual,NR,Number,EL,Greece,1994,,197,,,,,
dataflow,ESTAT:ROAD_EQS_CARHAB(1.0),Passenger cars - per thousand inhabitants,A,Annual,NR,Number,EL,Greece,1995,,208,,,,,
dataflow,ESTAT:ROAD_EQS_CARHAB(1.0),Passenger cars - per thousand inhabitants,A,Annual,NR,Number,EL,Greece,1996,,220,,,,,
dataflow,ESTAT:ROAD_EQS_CARHAB(1.0),Passenger cars - per thousand inhabitants,A,Annual,NR,Number,EL,Greece,1997,,234,,,,,
dataflow,ESTAT:ROAD_EQS_CARHAB(1.0),Passenger cars - per thousand inhabitants,A,Annual,NR,Number,EL,Greece,1998,,249,,,,,
dataflow,ESTAT:ROAD_EQS_CARHAB(1.0),Passenger cars - per thousand inhabitants,A,Annual,NR,Number,EL,Greece,1999,,272,,,,,
dataflow,ESTAT:ROAD_EQS_CARHAB(1.0),Passenger cars - per thousand inhabitants,A,Annual,NR,Number,EL,Greece,2000,,295,,,,,
dataflow,ESTAT:ROAD_EQS_CARHAB(1.0),Passenger cars - per thousand inhabitants,A,Annual,NR,Number,EL,Greece,2001,,314,,,,,
dataflow,ESTAT:ROAD_EQS_CARHAB(1.0),Passenger cars - per thousand inhabitants,A,Annual,NR,Number,EL,Greece,2002,,334,,,,,
dataflow,ESTAT:ROAD_EQS_CARHAB(1.0),Passenger cars - per thousand inhabitants,A,Annual,NR,Number,EL,Greece,2003,,351,,,,,
dataflow,ESTAT:ROAD_EQS_CARHAB(1.0),Passenger cars - per thousand inhabitants,A,Annual,NR,Number,EL,Greece,2004,,371,,,,,
dataflow,ESTAT:ROAD_EQS_CARHAB(1.0),Passenger cars - per thousand inhabitants,A,Annual,NR,Number,EL,Greece,2005,,391,,,,,
dataflow,ESTAT:ROAD_EQS_CARHAB(1.0),Passenger cars - per thousand inhabitants,A,Annual,NR,Number,EL,Greece,2006,,412,,,,,
dataflow,ESTAT:ROAD_EQS_CARHAB(1.0),Passenger cars - per thousand inhabitants,A,Annual,NR,Number,EL,Greece,2007,,434,,,,,
dataflow,ESTAT:ROAD_EQS_CARHAB(1.0),Passenger cars - per thousand inhabitants,A,Annual,NR,Number,EL,Greece,2008,,453,,,,,
dataflow,ESTAT:ROAD_EQS_CARHAB(1.0),Passenger cars - per thousand inhabitants,A,Annual,NR,Number,EL,Greece,2009,,462,,,,,
dataflow,ESTAT:ROAD_EQS_CARHAB(1.0),Passenger cars - per thousand inhabitants,A,Annual,NR,Number,EL,Greece,2010,,469,,,,,
dataflow,ESTAT:ROAD_EQS_CARHAB(1.0),Passenger cars - per thousand inhabitants,A,Annual,NR,Number,EL,Greece,2011,,469,,,,,
dataflow,ESTAT:ROAD_EQS_CARHAB(1.0),Passenger cars - per thousand inhabitants,A,Annual,NR,Number,EL,Greece,2012,,470,,,,,
dataflow,ESTAT:ROAD_EQS_CARHAB(1.0),Passenger cars - per thousand inhabitants,A,Annual,NR,Number,EL,Greece,2013,,469,,,,,
dataflow,ESTAT:ROAD_EQS_CARHAB(1.0),Passenger cars - per thousand inhabitants,A,Annual,NR,Number,EL,Greece,2014,,471,,,,,
dataflow,ESTAT:ROAD_EQS_CARHAB(1.0),Passenger cars - per thousand inhabitants,A,Annual,NR,Number,EL,Greece,2015,,474,,,,,
dataflow,ESTAT:ROAD_EQS_CARHAB(1.0),Passenger cars - per thousand inhabitants,A,Annual,NR,Number,EL,Greece,2016,,479,,,,,
dataflow,ESTAT:ROAD_EQS_CARHAB(1.0),Passenger cars - per thousand inhabitants,A,Annual,NR,Number,EL,Greece,2017,,487,,,,,
dataflow,ESTAT:ROAD_EQS_CARHAB(1.0),Passenger cars - per thousand inhabitants,A,Annual,NR,Number,EL,Greece,2018,,493,,,,,
dataflow,ESTAT:ROAD_EQS_CARHAB(1.0),Passenger cars - per thousand inhabitants,A,Annual,NR,Number,EL,Greece,2019,,504,,,,,
dataflow,ESTAT:ROAD_EQS_CARHAB(1.0),Passenger cars - per thousand inhabitants,A,Annual,NR,Number,EL,Greece,2020,,514,,,,,
dataflow,ESTAT:ROAD_EQS_CARHAB(1.0),Passenger cars - per thousand inhabitants,A,Annual,NR,Number,EL,Greece,2021,,536,,b,break in time series,,
dataflow,ESTAT:ROAD_EQS_CARHAB(1.0),Passenger cars - per thousand inhabitants,A,Annual,NR,Number,EL,Greece,2022,,550,,,,,
dataflow,ESTAT:ROAD_EQS_CARHAB(1.0),Passenger cars - per thousand inhabitants,A,Annual,NR,Number,EL,Greece,2023,,565,,,,,
dataflow,ESTAT:ROAD_EQS_CARHAB(1.0),Passenger cars - per thousand inhabitants,A,Annual,NR,Number,EL,Greece,2024,,579,,e,estimated,,
dataflow,ESTAT:ROAD_EQS_CARHAB(1.0),Passenger cars - per thousand inhabitants,A,Annual,NR,Number,ES,Spain,1990,,309,,,,,
dataflow,ESTAT:ROAD_EQS_CARHAB(1.0),Passenger cars - per thousand inhabitants,A,Annual,NR,Number,ES,Spain,1991,,321,,,,,
dataflow,ESTAT:ROAD_EQS_CARHAB(1.0),Passenger cars - per thousand inhabitants,A,Annual,NR,Number,ES,Spain,1992,,334,,,,,
dataflow,ESTAT:ROAD_EQS_CARHAB(1.0),Passenger cars - per thousand inhabitants,A,Annual,NR,Number,ES,Spain,1993,,341,,,,,
dataflow,ESTAT:ROAD_EQS_CARHAB(1.0),Passenger cars - per thousand inhabitants,A,Annual,NR,Number,ES,Spain,1994,,346,,,,,
dataflow,ESTAT:ROAD_EQS_CARHAB(1.0),Passenger cars - per thousand inhabitants,A,Annual,NR,Number,ES,Spain,1995,,357,,,,,
dataflow,ESTAT:ROAD_EQS_CARHAB(1.0),Passenger cars - per thousand inhabitants,A,Annual,NR,Number,ES,Spain,1999,,416,,,,,
dataflow,ESTAT:ROAD_EQS_CARHAB(1.0),Passenger cars - per thousand inhabitants,A,Annual,NR,Number,ES,Spain,2000,,429,,,,,
dataflow,ESTAT:ROAD_EQS_CARHAB(1.0),Passenger cars - per thousand inhabitants,A,Annual,NR,Number,ES,Spain,2001,,442,,,,,
dataflow,ESTAT:ROAD_EQS_CARHAB(1.0),Passenger cars - per thousand inhabitants,A,Annual,NR,Number,ES,Spain,2002,,448,,,,,
dataflow,ESTAT:ROAD_EQS_CARHAB(1.0),Passenger cars - per thousand inhabitants,A,Annual,NR,Number,ES,Spain,2003,,439,,,,,
dataflow,ESTAT:ROAD_EQS_CARHAB(1.0),Passenger cars - per thousand inhabitants,A,Annual,NR,Number,ES,Spain,2004,,451,,,,,
dataflow,ESTAT:ROAD_EQS_CARHAB(1.0),Passenger cars - per thousand inhabitants,A,Annual,NR,Number,ES,Spain,2006,,470,,,,,
dataflow,ESTAT:ROAD_EQS_CARHAB(1.0),Passenger cars - per thousand inhabitants,A,Annual,NR,Number,ES,Spain,2007,,476,,,,,
dataflow,ESTAT:ROAD_EQS_CARHAB(1.0),Passenger cars - per thousand inhabitants,A,Annual,NR,Number,ES,Spain,2008,,479,,,,,
dataflow,ESTAT:ROAD_EQS_CARHAB(1.0),Passenger cars - per thousand inhabitants,A,Annual,NR,Number,ES,Spain,2009,,473,,,,,
dataflow,ESTAT:ROAD_EQS_CARHAB(1.0),Passenger cars - per thousand inhabitants,A,Annual,NR,Number,ES,Spain,2010,,475,,,,,
dataflow,ESTAT:ROAD_EQS_CARHAB(1.0),Passenger cars - per thousand inhabitants,A,Annual,NR,Number,ES,Spain,2011,,476,,,,,
dataflow,ESTAT:ROAD_EQS_CARHAB(1.0),Passenger cars - per thousand inhabitants,A,Annual,NR,Number,ES,Spain,2012,,476,,,,,
dataflow,ESTAT:ROAD_EQS_CARHAB(1.0),Passenger cars - per thousand inhabitants,A,Annual,NR,Number,ES,Spain,2013,,474,,,,,
dataflow,ESTAT:ROAD_EQS_CARHAB(1.0),Passenger cars - per thousand inhabitants,A,Annual,NR,Number,ES,Spain,2014,,475,,,,,
dataflow,ESTAT:ROAD_EQS_CARHAB(1.0),Passenger cars - per thousand inhabitants,A,Annual,NR,Number,ES,Spain,2015,,482,,,,,
dataflow,ESTAT:ROAD_EQS_CARHAB(1.0),Passenger cars - per thousand inhabitants,A,Annual,NR,Number,ES,Spain,2016,,492,,i,value imputed by Eurostat or other receiving agencies,,
dataflow,ESTAT:ROAD_EQS_CARHAB(1.0),Passenger cars - per thousand inhabitants,A,Annual,NR,Number,ES,Spain,2017,,529,,,,,
dataflow,ESTAT:ROAD_EQS_CARHAB(1.0),Passenger cars - per thousand inhabitants,A,Annual,NR,Number,ES,Spain,2018,,539,,,,,
dataflow,ESTAT:ROAD_EQS_CARHAB(1.0),Passenger cars - per thousand inhabitants,A,Annual,NR,Number,ES,Spain,2019,,546,,,,,
dataflow,ESTAT:ROAD_EQS_CARHAB(1.0),Passenger cars - per thousand inhabitants,A,Annual,NR,Number,ES,Spain,2020,,549,,,,,
dataflow,ESTAT:ROAD_EQS_CARHAB(1.0),Passenger cars - per thousand inhabitants,A,Annual,NR,Number,ES,Spain,2021,,554,,,,,
dataflow,ESTAT:ROAD_EQS_CARHAB(1.0),Passenger cars - per thousand inhabitants,A,Annual,NR,Number,ES,Spain,2022,,553,,,,,
dataflow,ESTAT:ROAD_EQS_CARHAB(1.0),Passenger cars - per thousand inhabitants,A,Annual,NR,Number,ES,Spain,2023,,551,,,,,
dataflow,ESTAT:ROAD_EQS_CARHAB(1.0),Passenger cars - per thousand inhabitants,A,Annual,NR,Number,ES,Spain,2024,,544,,p,provisional,,
dataflow,ESTAT:ROAD_EQS_CARHAB(1.0),Passenger cars - per thousand inhabitants,A,Annual,NR,Number,EU27_2020,European Union - 27 countries (from 2020),2000,,424,,,,,
dataflow,ESTAT:ROAD_EQS_CARHAB(1.0),Passenger cars - per thousand inhabitants,A,Annual,NR,Number,EU27_2020,European Union - 27 countries (from 2020),2010,,487,,,,,
dataflow,ESTAT:ROAD_EQS_CARHAB(1.0),Passenger cars - per thousand inhabitants,A,Annual,NR,Number,EU27_2020,European Union - 27 countries (from 2020),2011,,494,,,,,
dataflow,ESTAT:ROAD_EQS_CARHAB(1.0),Passenger cars - per thousand inhabitants,A,Annual,NR,Number,EU27_2020,European Union - 27 countries (from 2020),2012,,497,,,,,
dataflow,ESTAT:ROAD_EQS_CARHAB(1.0),Passenger cars - per thousand inhabitants,A,Annual,NR,Number,EU27_2020,European Union - 27 countries (from 2020),2013,,501,,,,,
dataflow,ESTAT:ROAD_EQS_CARHAB(1.0),Passenger cars - per thousand inhabitants,A,Annual,NR,Number,EU27_2020,European Union - 27 countries (from 2020),2014,,506,,,,,
dataflow,ESTAT:ROAD_EQS_CARHAB(1.0),Passenger cars - per thousand inhabitants,A,Annual,NR,Number,EU27_2020,European Union - 27 countries (from 2020),2015,,508,,,,,
dataflow,ESTAT:ROAD_EQS_CARHAB(1.0),Passenger cars - per thousand inhabitants,A,Annual,NR,Number,EU27_2020,European Union - 27 countries (from 2020),2016,,518,,,,,
dataflow,ESTAT:ROAD_EQS_CARHAB(1.0),Passenger cars - per thousand inhabitants,A,Annual,NR,Number,EU27_2020,European Union - 27 countries (from 2020),2017,,530,,,,,
dataflow,ESTAT:ROAD_EQS_CARHAB(1.0),Passenger cars - per thousand inhabitants,A,Annual,NR,Number,EU27_2020,European Union - 27 countries (from 2020),2018,,539,,,,,
dataflow,ESTAT:ROAD_EQS_CARHAB(1.0),Passenger cars - per thousand inhabitants,A,Annual,NR,Number,EU27_2020,European Union - 27 countries (from 2020),2019,,548,,,,,
dataflow,ESTAT:ROAD_EQS_CARHAB(1.0),Passenger cars - per thousand inhabitants,A,Annual,NR,Number,EU27_2020,European Union - 27 countries (from 2020),2020,,555,,,,,
dataflow,ESTAT:ROAD_EQS_CARHAB(1.0),Passenger cars - per thousand inhabitants,A,Annual,NR,Number,EU27_2020,European Union - 27 countries (from 2020),2021,,561,,,,,
dataflow,ESTAT:ROAD_EQS_CARHAB(1.0),Passenger cars - per thousand inhabitants,A,Annual,NR,Number,EU27_2020,European Union - 27 countries (from 2020),2022,,565,,,,,
dataflow,ESTAT:ROAD_EQS_CARHAB(1.0),Passenger cars - per thousand inhabitants,A,Annual,NR,Number,EU27_2020,European Union - 27 countries (from 2020),2023,,570,,,,,
dataflow,ESTAT:ROAD_EQS_CARHAB(1.0),Passenger cars - per thousand inhabitants,A,Annual,NR,Number,EU27_2020,European Union - 27 countries (from 2020),2024,,578,,,,,
dataflow,ESTAT:ROAD_EQS_CARHAB(1.0),Passenger cars - per thousand inhabitants,A,Annual,NR,Number,FI,Finland,1990,,388,,,,,
dataflow,ESTAT:ROAD_EQS_CARHAB(1.0),Passenger cars - per thousand inhabitants,A,Annual,NR,Number,FI,Finland,1991,,382,,,,,
dataflow,ESTAT:ROAD_EQS_CARHAB(1.0),Passenger cars - per thousand inhabitants,A,Annual,NR,Number,FI,Finland,1992,,383,,,,,
dataflow,ESTAT:ROAD_EQS_CARHAB(1.0),Passenger cars - per thousand inhabitants,A,Annual,NR,Number,FI,Finland,1993,,369,,,,,
dataflow,ESTAT:ROAD_EQS_CARHAB(1.0),Passenger cars - per thousand inhabitants,A,Annual,NR,Number,FI,Finland,1994,,367,,,,,
dataflow,ESTAT:ROAD_EQS_CARHAB(1.0),Passenger cars - per thousand inhabitants,A,Annual,NR,Number,FI,Finland,1995,,372,,,,,
dataflow,ESTAT:ROAD_EQS_CARHAB(1.0),Passenger cars - per thousand inhabitants,A,Annual,NR,Number,FI,Finland,1996,,379,,,,,
dataflow,ESTAT:ROAD_EQS_CARHAB(1.0),Passenger cars - per thousand inhabitants,A,Annual,NR,Number,FI,Finland,1997,,378,,,,,
dataflow,ESTAT:ROAD_EQS_CARHAB(1.0),Passenger cars - per thousand inhabitants,A,Annual,NR,Number,FI,Finland,1998,,392,,,,,
dataflow,ESTAT:ROAD_EQS_CARHAB(1.0),Passenger cars - per thousand inhabitants,A,Annual,NR,Number,FI,Finland,1999,,403,,,,,
dataflow,ESTAT:ROAD_EQS_CARHAB(1.0),Passenger cars - per thousand inhabitants,A,Annual,NR,Number,FI,Finland,2000,,412,,,,,
dataflow,ESTAT:ROAD_EQS_CARHAB(1.0),Passenger cars - per thousand inhabitants,A,Annual,NR,Number,FI,Finland,2001,,416,,,,,
dataflow,ESTAT:ROAD_EQS_CARHAB(1.0),Passenger cars - per thousand inhabitants,A,Annual,NR,Number,FI,Finland,2002,,422,,,,,
dataflow,ESTAT:ROAD_EQS_CARHAB(1.0),Passenger cars - per thousand inhabitants,A,Annual,NR,Number,FI,Finland,2003,,436,,,,,
dataflow,ESTAT:ROAD_EQS_CARHAB(1.0),Passenger cars - per thousand inhabitants,A,Annual,NR,Number,FI,Finland,2004,,448,,,,,
dataflow,ESTAT:ROAD_EQS_CARHAB(1.0),Passenger cars - per thousand inhabitants,A,Annual,NR,Number,FI,Finland,2005,,462,,,,,
dataflow,ESTAT:ROAD_EQS_CARHAB(1.0),Passenger cars - per thousand inhabitants,A,Annual,NR,Number,FI,Finland,2006,,475,,,,,
dataflow,ESTAT:ROAD_EQS_CARHAB(1.0),Passenger cars - per thousand inhabitants,A,Annual,NR,Number,FI,Finland,2007,,485,,,,,
dataflow,ESTAT:ROAD_EQS_CARHAB(1.0),Passenger cars - per thousand inhabitants,A,Annual,NR,Number,FI,Finland,2008,,507,,,,,
dataflow,ESTAT:ROAD_EQS_CARHAB(1.0),Passenger cars - per thousand inhabitants,A,Annual,NR,Number,FI,Finland,2009,,519,,,,,
dataflow,ESTAT:ROAD_EQS_CARHAB(1.0),Passenger cars - per thousand inhabitants,A,Annual,NR,Number,FI,Finland,2010,,535,,,,,
dataflow,ESTAT:ROAD_EQS_CARHAB(1.0),Passenger cars - per thousand inhabitants,A,Annual,NR,Number,FI,Finland,2011,,551,,,,,
dataflow,ESTAT:ROAD_EQS_CARHAB(1.0),Passenger cars - per thousand inhabitants,A,Annual,NR,Number,FI,Finland,2012,,560,,,,,
dataflow,ESTAT:ROAD_EQS_CARHAB(1.0),Passenger cars - per thousand inhabitants,A,Annual,NR,Number,FI,Finland,2013,,570,,,,,
dataflow,ESTAT:ROAD_EQS_CARHAB(1.0),Passenger cars - per thousand inhabitants,A,Annual,NR,Number,FI,Finland,2014,,580,,,,,
dataflow,ESTAT:ROAD_EQS_CARHAB(1.0),Passenger cars - per thousand inhabitants,A,Annual,NR,Number,FI,Finland,2015,,590,,,,,
dataflow,ESTAT:ROAD_EQS_CARHAB(1.0),Passenger cars - per thousand inhabitants,A,Annual,NR,Number,FI,Finland,2016,,604,,,,,
dataflow,ESTAT:ROAD_EQS_CARHAB(1.0),Passenger cars - per thousand inhabitants,A,Annual,NR,Number,FI,Finland,2017,,617,,,,,
dataflow,ESTAT:ROAD_EQS_CARHAB(1.0),Passenger cars - per thousand inhabitants,A,Annual,NR,Number,FI,Finland,2018,,629,,,,,
dataflow,ESTAT:ROAD_EQS_CARHAB(1.0),Passenger cars - per thousand inhabitants,A,Annual,NR,Number,FI,Finland,2019,,642,,,,,
dataflow,ESTAT:ROAD_EQS_CARHAB(1.0),Passenger cars - per thousand inhabitants,A,Annual,NR,Number,FI,Finland,2020,,652,,,,,
dataflow,ESTAT:ROAD_EQS_CARHAB(1.0),Passenger cars - per thousand inhabitants,A,Annual,NR,Number,FI,Finland,2021,,656,,,,,
dataflow,ESTAT:ROAD_EQS_CARHAB(1.0),Passenger cars - per thousand inhabitants,A,Annual,NR,Number,FI,Finland,2022,,660,,,,,
dataflow,ESTAT:ROAD_EQS_CARHAB(1.0),Passenger cars - per thousand inhabitants,A,Annual,NR,Number,FI,Finland,2023,,664,,,,,
dataflow,ESTAT:ROAD_EQS_CARHAB(1.0),Passenger cars - per thousand inhabitants,A,Annual,NR,Number,FI,Finland,2024,,666,,,,,
dataflow,ESTAT:ROAD_EQS_CARHAB(1.0),Passenger cars - per thousand inhabitants,A,Annual,NR,Number,FR,France,1990,,404,,,,,
dataflow,ESTAT:ROAD_EQS_CARHAB(1.0),Passenger cars - per thousand inhabitants,A,Annual,NR,Number,FR,France,1991,,406,,,,,
dataflow,ESTAT:ROAD_EQS_CARHAB(1.0),Passenger cars - per thousand inhabitants,A,Annual,NR,Number,FR,France,1992,,408,,,,,
dataflow,ESTAT:ROAD_EQS_CARHAB(1.0),Passenger cars - per thousand inhabitants,A,Annual,NR,Number,FR,France,1993,,413,,,,,
dataflow,ESTAT:ROAD_EQS_CARHAB(1.0),Passenger cars - per thousand inhabitants,A,Annual,NR,Number,FR,France,1994,,420,,,,,
dataflow,ESTAT:ROAD_EQS_CARHAB(1.0),Passenger cars - per thousand inhabitants,A,Annual,NR,Number,FR,France,1995,,422,,,,,
dataflow,ESTAT:ROAD_EQS_CARHAB(1.0),Passenger cars - per thousand inhabitants,A,Annual,NR,Number,FR,France,1996,,427,,,,,
dataflow,ESTAT:ROAD_EQS_CARHAB(1.0),Passenger cars - per thousand inhabitants,A,Annual,NR,Number,FR,France,1997,,435,,,,,
dataflow,ESTAT:ROAD_EQS_CARHAB(1.0),Passenger cars - per thousand inhabitants,A,Annual,NR,Number,FR,France,1998,,446,,,,,
dataflow,ESTAT:ROAD_EQS_CARHAB(1.0),Passenger cars - per thousand inhabitants,A,Annual,NR,Number,FR,France,1999,,454,,,,,
dataflow,ESTAT:ROAD_EQS_CARHAB(1.0),Passenger cars - per thousand inhabitants,A,Annual,NR,Number,FR,France,2000,,460,,,,,
dataflow,ESTAT:ROAD_EQS_CARHAB(1.0),Passenger cars - per thousand inhabitants,A,Annual,NR,Number,FR,France,2001,,467,,,,,
dataflow,ESTAT:ROAD_EQS_CARHAB(1.0),Passenger cars - per thousand inhabitants,A,Annual,NR,Number,FR,France,2002,,471,,,,,
dataflow,ESTAT:ROAD_EQS_CARHAB(1.0),Passenger cars - per thousand inhabitants,A,Annual,NR,Number,FR,France,2003,,475,,,,,
dataflow,ESTAT:ROAD_EQS_CARHAB(1.0),Passenger cars - per thousand inhabitants,A,Annual,NR,Number,FR,France,2004,,476,,,,,
dataflow,ESTAT:ROAD_EQS_CARHAB(1.0),Passenger cars - per thousand inhabitants,A,Annual,NR,Number,FR,France,2005,,476,,,,,
dataflow,ESTAT:ROAD_EQS_CARHAB(1.0),Passenger cars - per thousand inhabitants,A,Annual,NR,Number,FR,France,2006,,478,,,,,
dataflow,ESTAT:ROAD_EQS_CARHAB(1.0),Passenger cars - per thousand inhabitants,A,Annual,NR,Number,FR,France,2007,,480,,,,,
dataflow,ESTAT:ROAD_EQS_CARHAB(1.0),Passenger cars - per thousand inhabitants,A,Annual,NR,Number,FR,France,2009,,486,,,,,
dataflow,ESTAT:ROAD_EQS_CARHAB(1.0),Passenger cars - per thousand inhabitants,A,Annual,NR,Number,FR,France,2010,,538,,b,break in time series,,
dataflow,ESTAT:ROAD_EQS_CARHAB(1.0),Passenger cars - per thousand inhabitants,A,Annual,NR,Number,FR,France,2011,,540,,b,break in time series,,
dataflow,ESTAT:ROAD_EQS_CARHAB(1.0),Passenger cars - per thousand inhabitants,A,Annual,NR,Number,FR,France,2012,,542,,,,,
dataflow,ESTAT:ROAD_EQS_CARHAB(1.0),Passenger cars - per thousand inhabitants,A,Annual,NR,Number,FR,France,2013,,546,,b,break in time series,,
dataflow,ESTAT:ROAD_EQS_CARHAB(1.0),Passenger cars - per thousand inhabitants,A,Annual,NR,Number,FR,France,2014,,551,,,,,
dataflow,ESTAT:ROAD_EQS_CARHAB(1.0),Passenger cars - per thousand inhabitants,A,Annual,NR,Number,FR,France,2015,,558,,,,,
dataflow,ESTAT:ROAD_EQS_CARHAB(1.0),Passenger cars - per thousand inhabitants,A,Annual,NR,Number,FR,France,2016,,564,,,,,
dataflow,ESTAT:ROAD_EQS_CARHAB(1.0),Passenger cars - per thousand inhabitants,A,Annual,NR,Number,FR,France,2017,,569,,,,,
dataflow,ESTAT:ROAD_EQS_CARHAB(1.0),Passenger cars - per thousand inhabitants,A,Annual,NR,Number,FR,France,2018,,568,,,,,
dataflow,ESTAT:ROAD_EQS_CARHAB(1.0),Passenger cars - per thousand inhabitants,A,Annual,NR,Number,FR,France,2019,,569,,,,,
dataflow,ESTAT:ROAD_EQS_CARHAB(1.0),Passenger cars - per thousand inhabitants,A,Annual,NR,Number,FR,France,2020,,568,,,,,
dataflow,ESTAT:ROAD_EQS_CARHAB(1.0),Passenger cars - per thousand inhabitants,A,Annual,NR,Number,FR,France,2021,,570,,,,,
dataflow,ESTAT:ROAD_EQS_CARHAB(1.0),Passenger cars - per thousand inhabitants,A,Annual,NR,Number,FR,France,2022,,571,,p,provisional,,
dataflow,ESTAT:ROAD_EQS_CARHAB(1.0),Passenger cars - per thousand inhabitants,A,Annual,NR,Number,FR,France,2023,,575,,p,provisional,,
dataflow,ESTAT:ROAD_EQS_CARHAB(1.0),Passenger cars - per thousand inhabitants,A,Annual,NR,Number,FR,France,2024,,579,,p,provisional,,
dataflow,ESTAT:ROAD_EQS_CARHAB(1.0),Passenger cars - per thousand inhabitants,A,Annual,NR,Number,GE,Georgia,2012,,150,,i,value imputed by Eurostat or other receiving agencies,,
dataflow,ESTAT:ROAD_EQS_CARHAB(1.0),Passenger cars - per thousand inhabitants,A,Annual,NR,Number,GE,Georgia,2013,,165,,,,,
dataflow,ESTAT:ROAD_EQS_CARHAB(1.0),Passenger cars - per thousand inhabitants,A,Annual,NR,Number,GE,Georgia,2014,,220,,b,break in time series,,
dataflow,ESTAT:ROAD_EQS_CARHAB(1.0),Passenger cars - per thousand inhabitants,A,Annual,NR,Number,GE,Georgia,2015,,240,,,,,
dataflow,ESTAT:ROAD_EQS_CARHAB(1.0),Passenger cars - per thousand inhabitants,A,Annual,NR,Number,GE,Georgia,2016,,262,,,,,
dataflow,ESTAT:ROAD_EQS_CARHAB(1.0),Passenger cars - per thousand inhabitants,A,Annual,NR,Number,GE,Georgia,2017,,276,,,,,
dataflow,ESTAT:ROAD_EQS_CARHAB(1.0),Passenger cars - per thousand inhabitants,A,Annual,NR,Number,GE,Georgia,2018,,292,,,,,
dataflow,ESTAT:ROAD_EQS_CARHAB(1.0),Passenger cars - per thousand inhabitants,A,Annual,NR,Number,GE,Georgia,2019,,304,,,,,
dataflow,ESTAT:ROAD_EQS_CARHAB(1.0),Passenger cars - per thousand inhabitants,A,Annual,NR,Number,GE,Georgia,2020,,319,,,,,
dataflow,ESTAT:ROAD_EQS_CARHAB(1.0),Passenger cars - per thousand inhabitants,A,Annual,NR,Number,GE,Georgia,2021,,343,,,,,
dataflow,ESTAT:ROAD_EQS_CARHAB(1.0),Passenger cars - per thousand inhabitants,A,Annual,NR,Number,GE,Georgia,2022,,357,,,,,
dataflow,ESTAT:ROAD_EQS_CARHAB(1.0),Passenger cars - per thousand inhabitants,A,Annual,NR,Number,GE,Georgia,2023,,389,,,,,
dataflow,ESTAT:ROAD_EQS_CARHAB(1.0),Passenger cars - per thousand inhabitants,A,Annual,NR,Number,GE,Georgia,2024,,414,,,,,
dataflow,ESTAT:ROAD_EQS_CARHAB(1.0),Passenger cars - per thousand inhabitants,A,Annual,NR,Number,HR,Croatia,1990,,166,,,,,
dataflow,ESTAT:ROAD_EQS_CARHAB(1.0),Passenger cars - per thousand inhabitants,A,Annual,NR,Number,HR,Croatia,1991,,160,,,,,
dataflow,ESTAT:ROAD_EQS_CARHAB(1.0),Passenger cars - per thousand inhabitants,A,Annual,NR,Number,HR,Croatia,1992,,147,,,,,
dataflow,ESTAT:ROAD_EQS_CARHAB(1.0),Passenger cars - per thousand inhabitants,A,Annual,NR,Number,HR,Croatia,1993,,139,,,,,
dataflow,ESTAT:ROAD_EQS_CARHAB(1.0),Passenger cars - per thousand inhabitants,A,Annual,NR,Number,HR,Croatia,1994,,150,,,,,
dataflow,ESTAT:ROAD_EQS_CARHAB(1.0),Passenger cars - per thousand inhabitants,A,Annual,NR,Number,HR,Croatia,1995,,155,,,,,
dataflow,ESTAT:ROAD_EQS_CARHAB(1.0),Passenger cars - per thousand inhabitants,A,Annual,NR,Number,HR,Croatia,1996,,184,,,,,
dataflow,ESTAT:ROAD_EQS_CARHAB(1.0),Passenger cars - per thousand inhabitants,A,Annual,NR,Number,HR,Croatia,1997,,205,,,,,
dataflow,ESTAT:ROAD_EQS_CARHAB(1.0),Passenger cars - per thousand inhabitants,A,Annual,NR,Number,HR,Croatia,1998,,221,,,,,
dataflow,ESTAT:ROAD_EQS_CARHAB(1.0),Passenger cars - per thousand inhabitants,A,Annual,NR,Number,HR,Croatia,1999,,235,,,,,
dataflow,ESTAT:ROAD_EQS_CARHAB(1.0),Passenger cars - per thousand inhabitants,A,Annual,NR,Number,HR,Croatia,2000,,261,,,,,
dataflow,ESTAT:ROAD_EQS_CARHAB(1.0),Passenger cars - per thousand inhabitants,A,Annual,NR,Number,HR,Croatia,2001,,275,,,,,
dataflow,ESTAT:ROAD_EQS_CARHAB(1.0),Passenger cars - per thousand inhabitants,A,Annual,NR,Number,HR,Croatia,2002,,285,,,,,
dataflow,ESTAT:ROAD_EQS_CARHAB(1.0),Passenger cars - per thousand inhabitants,A,Annual,NR,Number,HR,Croatia,2003,,298,,,,,
dataflow,ESTAT:ROAD_EQS_CARHAB(1.0),Passenger cars - per thousand inhabitants,A,Annual,NR,Number,HR,Croatia,2004,,308,,,,,
dataflow,ESTAT:ROAD_EQS_CARHAB(1.0),Passenger cars - per thousand inhabitants,A,Annual,NR,Number,HR,Croatia,2005,,319,,,,,
dataflow,ESTAT:ROAD_EQS_CARHAB(1.0),Passenger cars - per thousand inhabitants,A,Annual,NR,Number,HR,Croatia,2006,,331,,,,,
dataflow,ESTAT:ROAD_EQS_CARHAB(1.0),Passenger cars - per thousand inhabitants,A,Annual,NR,Number,HR,Croatia,2007,,350,,,,,
dataflow,ESTAT:ROAD_EQS_CARHAB(1.0),Passenger cars - per thousand inhabitants,A,Annual,NR,Number,HR,Croatia,2008,,360,,,,,
dataflow,ESTAT:ROAD_EQS_CARHAB(1.0),Passenger cars - per thousand inhabitants,A,Annual,NR,Number,HR,Croatia,2009,,358,,,,,
dataflow,ESTAT:ROAD_EQS_CARHAB(1.0),Passenger cars - per thousand inhabitants,A,Annual,NR,Number,HR,Croatia,2010,,355,,,,,
dataflow,ESTAT:ROAD_EQS_CARHAB(1.0),Passenger cars - per thousand inhabitants,A,Annual,NR,Number,HR,Croatia,2011,,355,,,,,
dataflow,ESTAT:ROAD_EQS_CARHAB(1.0),Passenger cars - per thousand inhabitants,A,Annual,NR,Number,HR,Croatia,2012,,339,,,,,
dataflow,ESTAT:ROAD_EQS_CARHAB(1.0),Passenger cars - per thousand inhabitants,A,Annual,NR,Number,HR,Croatia,2013,,343,,,,,
dataflow,ESTAT:ROAD_EQS_CARHAB(1.0),Passenger cars - per thousand inhabitants,A,Annual,NR,Number,HR,Croatia,2014,,353,,,,,
dataflow,ESTAT:ROAD_EQS_CARHAB(1.0),Passenger cars - per thousand inhabitants,A,Annual,NR,Number,HR,Croatia,2015,,363,,,,,
dataflow,ESTAT:ROAD_EQS_CARHAB(1.0),Passenger cars - per thousand inhabitants,A,Annual,NR,Number,HR,Croatia,2016,,381,,,,,
dataflow,ESTAT:ROAD_EQS_CARHAB(1.0),Passenger cars - per thousand inhabitants,A,Annual,NR,Number,HR,Croatia,2017,,398,,,,,
dataflow,ESTAT:ROAD_EQS_CARHAB(1.0),Passenger cars - per thousand inhabitants,A,Annual,NR,Number,HR,Croatia,2018,,420,,,,,
dataflow,ESTAT:ROAD_EQS_CARHAB(1.0),Passenger cars - per thousand inhabitants,A,Annual,NR,Number,HR,Croatia,2019,,439,,,,,
dataflow,ESTAT:ROAD_EQS_CARHAB(1.0),Passenger cars - per thousand inhabitants,A,Annual,NR,Number,HR,Croatia,2020,,449,,,,,
dataflow,ESTAT:ROAD_EQS_CARHAB(1.0),Passenger cars - per thousand inhabitants,A,Annual,NR,Number,HR,Croatia,2021,,465,,,,,
dataflow,ESTAT:ROAD_EQS_CARHAB(1.0),Passenger cars - per thousand inhabitants,A,Annual,NR,Number,HR,Croatia,2022,,478,,,,,
dataflow,ESTAT:ROAD_EQS_CARHAB(1.0),Passenger cars - per thousand inhabitants,A,Annual,NR,Number,HR,Croatia,2023,,495,,,,,
dataflow,ESTAT:ROAD_EQS_CARHAB(1.0),Passenger cars - per thousand inhabitants,A,Annual,NR,Number,HR,Croatia,2024,,513,,,,,
dataflow,ESTAT:ROAD_EQS_CARHAB(1.0),Passenger cars - per thousand inhabitants,A,Annual,NR,Number,HU,Hungary,1990,,187,,,,,
dataflow,ESTAT:ROAD_EQS_CARHAB(1.0),Passenger cars - per thousand inhabitants,A,Annual,NR,Number,HU,Hungary,1991,,194,,,,,
dataflow,ESTAT:ROAD_EQS_CARHAB(1.0),Passenger cars - per thousand inhabitants,A,Annual,NR,Number,HU,Hungary,1992,,199,,,,,
dataflow,ESTAT:ROAD_EQS_CARHAB(1.0),Passenger cars - per thousand inhabitants,A,Annual,NR,Number,HU,Hungary,1993,,202,,,,,
dataflow,ESTAT:ROAD_EQS_CARHAB(1.0),Passenger cars - per thousand inhabitants,A,Annual,NR,Number,HU,Hungary,1994,,211,,,,,
dataflow,ESTAT:ROAD_EQS_CARHAB(1.0),Passenger cars - per thousand inhabitants,A,Annual,NR,Number,HU,Hungary,1995,,218,,,,,
dataflow,ESTAT:ROAD_EQS_CARHAB(1.0),Passenger cars - per thousand inhabitants,A,Annual,NR,Number,HU,Hungary,1996,,220,,,,,
dataflow,ESTAT:ROAD_EQS_CARHAB(1.0),Passenger cars - per thousand inhabitants,A,Annual,NR,Number,HU,Hungary,1997,,224,,,,,
dataflow,ESTAT:ROAD_EQS_CARHAB(1.0),Passenger cars - per thousand inhabitants,A,Annual,NR,Number,HU,Hungary,1998,,216,,,,,
dataflow,ESTAT:ROAD_EQS_CARHAB(1.0),Passenger cars - per thousand inhabitants,A,Annual,NR,Number,HU,Hungary,1999,,221,,,,,
dataflow,ESTAT:ROAD_EQS_CARHAB(1.0),Passenger cars - per thousand inhabitants,A,Annual,NR,Number,HU,Hungary,2000,,232,,,,,
dataflow,ESTAT:ROAD_EQS_CARHAB(1.0),Passenger cars - per thousand inhabitants,A,Annual,NR,Number,HU,Hungary,2001,,244,,,,,
dataflow,ESTAT:ROAD_EQS_CARHAB(1.0),Passenger cars - per thousand inhabitants,A,Annual,NR,Number,HU,Hungary,2002,,259,,,,,
dataflow,ESTAT:ROAD_EQS_CARHAB(1.0),Passenger cars - per thousand inhabitants,A,Annual,NR,Number,HU,Hungary,2003,,274,,,,,
dataflow,ESTAT:ROAD_EQS_CARHAB(1.0),Passenger cars - per thousand inhabitants,A,Annual,NR,Number,HU,Hungary,2004,,280,,,,,
dataflow,ESTAT:ROAD_EQS_CARHAB(1.0),Passenger cars - per thousand inhabitants,A,Annual,NR,Number,HU,Hungary,2005,,287,,,,,
dataflow,ESTAT:ROAD_EQS_CARHAB(1.0),Passenger cars - per thousand inhabitants,A,Annual,NR,Number,HU,Hungary,2006,,319,,,,,
dataflow,ESTAT:ROAD_EQS_CARHAB(1.0),Passenger cars - per thousand inhabitants,A,Annual,NR,Number,HU,Hungary,2007,,325,,,,,
dataflow,ESTAT:ROAD_EQS_CARHAB(1.0),Passenger cars - per thousand inhabitants,A,Annual,NR,Number,HU,Hungary,2008,,305,,,,,
dataflow,ESTAT:ROAD_EQS_CARHAB(1.0),Passenger cars - per thousand inhabitants,A,Annual,NR,Number,HU,Hungary,2009,,301,,,,,
dataflow,ESTAT:ROAD_EQS_CARHAB(1.0),Passenger cars - per thousand inhabitants,A,Annual,NR,Number,HU,Hungary,2010,,299,,,,,
dataflow,ESTAT:ROAD_EQS_CARHAB(1.0),Passenger cars - per thousand inhabitants,A,Annual,NR,Number,HU,Hungary,2011,,299,,b,break in time series,,
dataflow,ESTAT:ROAD_EQS_CARHAB(1.0),Passenger cars - per thousand inhabitants,A,Annual,NR,Number,HU,Hungary,2012,,301,,,,,
dataflow,ESTAT:ROAD_EQS_CARHAB(1.0),Passenger cars - per thousand inhabitants,A,Annual,NR,Number,HU,Hungary,2013,,309,,,,,
dataflow,ESTAT:ROAD_EQS_CARHAB(1.0),Passenger cars - per thousand inhabitants,A,Annual,NR,Number,HU,Hungary,2014,,317,,,,,
dataflow,ESTAT:ROAD_EQS_CARHAB(1.0),Passenger cars - per thousand inhabitants,A,Annual,NR,Number,HU,Hungary,2015,,327,,,,,
dataflow,ESTAT:ROAD_EQS_CARHAB(1.0),Passenger cars - per thousand inhabitants,A,Annual,NR,Number,HU,Hungary,2016,,340,,,,,
dataflow,ESTAT:ROAD_EQS_CARHAB(1.0),Passenger cars - per thousand inhabitants,A,Annual,NR,Number,HU,Hungary,2017,,357,,,,,
dataflow,ESTAT:ROAD_EQS_CARHAB(1.0),Passenger cars - per thousand inhabitants,A,Annual,NR,Number,HU,Hungary,2018,,375,,,,,
dataflow,ESTAT:ROAD_EQS_CARHAB(1.0),Passenger cars - per thousand inhabitants,A,Annual,NR,Number,HU,Hungary,2019,,393,,,,,
dataflow,ESTAT:ROAD_EQS_CARHAB(1.0),Passenger cars - per thousand inhabitants,A,Annual,NR,Number,HU,Hungary,2020,,406,,,,,
dataflow,ESTAT:ROAD_EQS_CARHAB(1.0),Passenger cars - per thousand inhabitants,A,Annual,NR,Number,HU,Hungary,2021,,418,,,,,
dataflow,ESTAT:ROAD_EQS_CARHAB(1.0),Passenger cars - per thousand inhabitants,A,Annual,NR,Number,HU,Hungary,2022,,426,,,,,
dataflow,ESTAT:ROAD_EQS_CARHAB(1.0),Passenger cars - per thousand inhabitants,A,Annual,NR,Number,HU,Hungary,2023,,435,,,,,
dataflow,ESTAT:ROAD_EQS_CARHAB(1.0),Passenger cars - per thousand inhabitants,A,Annual,NR,Number,HU,Hungary,2024,,447,,,,,
dataflow,ESTAT:ROAD_EQS_CARHAB(1.0),Passenger cars - per thousand inhabitants,A,Annual,NR,Number,IE,Ireland,1990,,227,,,,,
dataflow,ESTAT:ROAD_EQS_CARHAB(1.0),Passenger cars - per thousand inhabitants,A,Annual,NR,Number,IE,Ireland,1991,,236,,,,,
dataflow,ESTAT:ROAD_EQS_CARHAB(1.0),Passenger cars - per thousand inhabitants,A,Annual,NR,Number,IE,Ireland,1992,,241,,,,,
dataflow,ESTAT:ROAD_EQS_CARHAB(1.0),Passenger cars - per thousand inhabitants,A,Annual,NR,Number,IE,Ireland,1993,,249,,,,,
dataflow,ESTAT:ROAD_EQS_CARHAB(1.0),Passenger cars - per thousand inhabitants,A,Annual,NR,Number,IE,Ireland,1994,,261,,,,,
dataflow,ESTAT:ROAD_EQS_CARHAB(1.0),Passenger cars - per thousand inhabitants,A,Annual,NR,Number,IE,Ireland,1995,,274,,,,,
dataflow,ESTAT:ROAD_EQS_CARHAB(1.0),Passenger cars - per thousand inhabitants,A,Annual,NR,Number,IE,Ireland,1996,,289,,,,,
dataflow,ESTAT:ROAD_EQS_CARHAB(1.0),Passenger cars - per thousand inhabitants,A,Annual,NR,Number,IE,Ireland,1997,,307,,,,,
dataflow,ESTAT:ROAD_EQS_CARHAB(1.0),Passenger cars - per thousand inhabitants,A,Annual,NR,Number,IE,Ireland,1998,,321,,,,,
dataflow,ESTAT:ROAD_EQS_CARHAB(1.0),Passenger cars - per thousand inhabitants,A,Annual,NR,Number,IE,Ireland,1999,,336,,,,,
dataflow,ESTAT:ROAD_EQS_CARHAB(1.0),Passenger cars - per thousand inhabitants,A,Annual,NR,Number,IE,Ireland,2000,,344,,,,,
dataflow,ESTAT:ROAD_EQS_CARHAB(1.0),Passenger cars - per thousand inhabitants,A,Annual,NR,Number,IE,Ireland,2001,,360,,,,,
dataflow,ESTAT:ROAD_EQS_CARHAB(1.0),Passenger cars - per thousand inhabitants,A,Annual,NR,Number,IE,Ireland,2002,,371,,,,,
dataflow,ESTAT:ROAD_EQS_CARHAB(1.0),Passenger cars - per thousand inhabitants,A,Annual,NR,Number,IE,Ireland,2003,,380,,,,,
dataflow,ESTAT:ROAD_EQS_CARHAB(1.0),Passenger cars - per thousand inhabitants,A,Annual,NR,Number,IE,Ireland,2004,,385,,,,,
dataflow,ESTAT:ROAD_EQS_CARHAB(1.0),Passenger cars - per thousand inhabitants,A,Annual,NR,Number,IE,Ireland,2005,,395,,,,,
dataflow,ESTAT:ROAD_EQS_CARHAB(1.0),Passenger cars - per thousand inhabitants,A,Annual,NR,Number,IE,Ireland,2006,,410,,,,,
dataflow,ESTAT:ROAD_EQS_CARHAB(1.0),Passenger cars - per thousand inhabitants,A,Annual,NR,Number,IE,Ireland,2007,,422,,,,,
dataflow,ESTAT:ROAD_EQS_CARHAB(1.0),Passenger cars - per thousand inhabitants,A,Annual,NR,Number,IE,Ireland,2008,,442,,,,,
dataflow,ESTAT:ROAD_EQS_CARHAB(1.0),Passenger cars - per thousand inhabitants,A,Annual,NR,Number,IE,Ireland,2009,,434,,,,,
dataflow,ESTAT:ROAD_EQS_CARHAB(1.0),Passenger cars - per thousand inhabitants,A,Annual,NR,Number,IE,Ireland,2010,,426,,,,,
dataflow,ESTAT:ROAD_EQS_CARHAB(1.0),Passenger cars - per thousand inhabitants,A,Annual,NR,Number,IE,Ireland,2011,,428,,,,,
dataflow,ESTAT:ROAD_EQS_CARHAB(1.0),Passenger cars - per thousand inhabitants,A,Annual,NR,Number,IE,Ireland,2012,,426,,,,,
dataflow,ESTAT:ROAD_EQS_CARHAB(1.0),Passenger cars - per thousand inhabitants,A,Annual,NR,Number,IE,Ireland,2013,,427,,,,,
dataflow,ESTAT:ROAD_EQS_CARHAB(1.0),Passenger cars - per thousand inhabitants,A,Annual,NR,Number,IE,Ireland,2014,,431,,,,,
dataflow,ESTAT:ROAD_EQS_CARHAB(1.0),Passenger cars - per thousand inhabitants,A,Annual,NR,Number,IE,Ireland,2015,,436,,,,,
dataflow,ESTAT:ROAD_EQS_CARHAB(1.0),Passenger cars - per thousand inhabitants,A,Annual,NR,Number,IE,Ireland,2016,,438,,,,,
dataflow,ESTAT:ROAD_EQS_CARHAB(1.0),Passenger cars - per thousand inhabitants,A,Annual,NR,Number,IE,Ireland,2017,,441,,,,,
dataflow,ESTAT:ROAD_EQS_CARHAB(1.0),Passenger cars - per thousand inhabitants,A,Annual,NR,Number,IE,Ireland,2018,,442,,,,,
dataflow,ESTAT:ROAD_EQS_CARHAB(1.0),Passenger cars - per thousand inhabitants,A,Annual,NR,Number,IE,Ireland,2019,,450,,,,,
dataflow,ESTAT:ROAD_EQS_CARHAB(1.0),Passenger cars - per thousand inhabitants,A,Annual,NR,Number,IE,Ireland,2020,,452,,,,,
dataflow,ESTAT:ROAD_EQS_CARHAB(1.0),Passenger cars - per thousand inhabitants,A,Annual,NR,Number,IE,Ireland,2021,,448,,,,,
dataflow,ESTAT:ROAD_EQS_CARHAB(1.0),Passenger cars - per thousand inhabitants,A,Annual,NR,Number,IE,Ireland,2022,,443,,,,,
dataflow,ESTAT:ROAD_EQS_CARHAB(1.0),Passenger cars - per thousand inhabitants,A,Annual,NR,Number,IE,Ireland,2023,,449,,,,,
dataflow,ESTAT:ROAD_EQS_CARHAB(1.0),Passenger cars - per thousand inhabitants,A,Annual,NR,Number,IE,Ireland,2024,,466,,i,value imputed by Eurostat or other receiving agencies,,
dataflow,ESTAT:ROAD_EQS_CARHAB(1.0),Passenger cars - per thousand inhabitants,A,Annual,NR,Number,IS,Iceland,1990,,469,,,,,
dataflow,ESTAT:ROAD_EQS_CARHAB(1.0),Passenger cars - per thousand inhabitants,A,Annual,NR,Number,IS,Iceland,1991,,466,,,,,
dataflow,ESTAT:ROAD_EQS_CARHAB(1.0),Passenger cars - per thousand inhabitants,A,Annual,NR,Number,IS,Iceland,1992,,457,,,,,
dataflow,ESTAT:ROAD_EQS_CARHAB(1.0),Passenger cars - per thousand inhabitants,A,Annual,NR,Number,IS,Iceland,1993,,438,,,,,
dataflow,ESTAT:ROAD_EQS_CARHAB(1.0),Passenger cars - per thousand inhabitants,A,Annual,NR,Number,IS,Iceland,1994,,434,,,,,
dataflow,ESTAT:ROAD_EQS_CARHAB(1.0),Passenger cars - per thousand inhabitants,A,Annual,NR,Number,IS,Iceland,1995,,444,,,,,
dataflow,ESTAT:ROAD_EQS_CARHAB(1.0),Passenger cars - per thousand inhabitants,A,Annual,NR,Number,IS,Iceland,1996,,463,,,,,
dataflow,ESTAT:ROAD_EQS_CARHAB(1.0),Passenger cars - per thousand inhabitants,A,Annual,NR,Number,IS,Iceland,1997,,485,,,,,
dataflow,ESTAT:ROAD_EQS_CARHAB(1.0),Passenger cars - per thousand inhabitants,A,Annual,NR,Number,IS,Iceland,1998,,508,,,,,
dataflow,ESTAT:ROAD_EQS_CARHAB(1.0),Passenger cars - per thousand inhabitants,A,Annual,NR,Number,IS,Iceland,1999,,541,,,,,
dataflow,ESTAT:ROAD_EQS_CARHAB(1.0),Passenger cars - per thousand inhabitants,A,Annual,NR,Number,IS,Iceland,2000,,561,,,,,
dataflow,ESTAT:ROAD_EQS_CARHAB(1.0),Passenger cars - per thousand inhabitants,A,Annual,NR,Number,IS,Iceland,2001,,558,,,,,
dataflow,ESTAT:ROAD_EQS_CARHAB(1.0),Passenger cars - per thousand inhabitants,A,Annual,NR,Number,IS,Iceland,2004,,596,,e,estimated,,
dataflow,ESTAT:ROAD_EQS_CARHAB(1.0),Passenger cars - per thousand inhabitants,A,Annual,NR,Number,IS,Iceland,2005,,624,,e,estimated,,
dataflow,ESTAT:ROAD_EQS_CARHAB(1.0),Passenger cars - per thousand inhabitants,A,Annual,NR,Number,IS,Iceland,2017,,738,,,,,
dataflow,ESTAT:ROAD_EQS_CARHAB(1.0),Passenger cars - per thousand inhabitants,A,Annual,NR,Number,IS,Iceland,2018,,749,,,,,
dataflow,ESTAT:ROAD_EQS_CARHAB(1.0),Passenger cars - per thousand inhabitants,A,Annual,NR,Number,IS,Iceland,2019,,741,,,,,
dataflow,ESTAT:ROAD_EQS_CARHAB(1.0),Passenger cars - per thousand inhabitants,A,Annual,NR,Number,IS,Iceland,2020,,731,,,,,
dataflow,ESTAT:ROAD_EQS_CARHAB(1.0),Passenger cars - per thousand inhabitants,A,Annual,NR,Number,IS,Iceland,2021,,768,,,,,
dataflow,ESTAT:ROAD_EQS_CARHAB(1.0),Passenger cars - per thousand inhabitants,A,Annual,NR,Number,IS,Iceland,2022,,741,,,,,
dataflow,ESTAT:ROAD_EQS_CARHAB(1.0),Passenger cars - per thousand inhabitants,A,Annual,NR,Number,IS,Iceland,2023,,667,,,,,
dataflow,ESTAT:ROAD_EQS_CARHAB(1.0),Passenger cars - per thousand inhabitants,A,Annual,NR,Number,IS,Iceland,2024,,639,,i,value imputed by Eurostat or other receiving agencies,,
dataflow,ESTAT:ROAD_EQS_CARHAB(1.0),Passenger cars - per thousand inhabitants,A,Annual,NR,Number,IT,Italy,1990,,483,,,,,
dataflow,ESTAT:ROAD_EQS_CARHAB(1.0),Passenger cars - per thousand inhabitants,A,Annual,NR,Number,IT,Italy,1991,,502,,,,,
dataflow,ESTAT:ROAD_EQS_CARHAB(1.0),Passenger cars - per thousand inhabitants,A,Annual,NR,Number,IT,Italy,1992,,518,,,,,
dataflow,ESTAT:ROAD_EQS_CARHAB(1.0),Passenger cars - per thousand inhabitants,A,Annual,NR,Number,IT,Italy,1993,,522,,,,,
dataflow,ESTAT:ROAD_EQS_CARHAB(1.0),Passenger cars - per thousand inhabitants,A,Annual,NR,Number,IT,Italy,1994,,522,,,,,
dataflow,ESTAT:ROAD_EQS_CARHAB(1.0),Passenger cars - per thousand inhabitants,A,Annual,NR,Number,IT,Italy,1995,,533,,,,,
dataflow,ESTAT:ROAD_EQS_CARHAB(1.0),Passenger cars - per thousand inhabitants,A,Annual,NR,Number,IT,Italy,1996,,536,,,,,
dataflow,ESTAT:ROAD_EQS_CARHAB(1.0),Passenger cars - per thousand inhabitants,A,Annual,NR,Number,IT,Italy,1997,,540,,,,,
dataflow,ESTAT:ROAD_EQS_CARHAB(1.0),Passenger cars - per thousand inhabitants,A,Annual,NR,Number,IT,Italy,1998,,555,,p,provisional,,
dataflow,ESTAT:ROAD_EQS_CARHAB(1.0),Passenger cars - per thousand inhabitants,A,Annual,NR,Number,IT,Italy,1999,,563,,,,,
dataflow,ESTAT:ROAD_EQS_CARHAB(1.0),Passenger cars - per thousand inhabitants,A,Annual,NR,Number,IT,Italy,2000,,572,,,,,
dataflow,ESTAT:ROAD_EQS_CARHAB(1.0),Passenger cars - per thousand inhabitants,A,Annual,NR,Number,IT,Italy,2001,,583,,,,,
dataflow,ESTAT:ROAD_EQS_CARHAB(1.0),Passenger cars - per thousand inhabitants,A,Annual,NR,Number,IT,Italy,2002,,590,,,,,
dataflow,ESTAT:ROAD_EQS_CARHAB(1.0),Passenger cars - per thousand inhabitants,A,Annual,NR,Number,IT,Italy,2003,,597,,,,,
dataflow,ESTAT:ROAD_EQS_CARHAB(1.0),Passenger cars - per thousand inhabitants,A,Annual,NR,Number,IT,Italy,2004,,587,,,,,
dataflow,ESTAT:ROAD_EQS_CARHAB(1.0),Passenger cars - per thousand inhabitants,A,Annual,NR,Number,IT,Italy,2005,,597,,,,,
dataflow,ESTAT:ROAD_EQS_CARHAB(1.0),Passenger cars - per thousand inhabitants,A,Annual,NR,Number,IT,Italy,2006,,606,,,,,
dataflow,ESTAT:ROAD_EQS_CARHAB(1.0),Passenger cars - per thousand inhabitants,A,Annual,NR,Number,IT,Italy,2007,,608,,,,,
dataflow,ESTAT:ROAD_EQS_CARHAB(1.0),Passenger cars - per thousand inhabitants,A,Annual,NR,Number,IT,Italy,2008,,612,,,,,
dataflow,ESTAT:ROAD_EQS_CARHAB(1.0),Passenger cars - per thousand inhabitants,A,Annual,NR,Number,IT,Italy,2009,,614,,,,,
dataflow,ESTAT:ROAD_EQS_CARHAB(1.0),Passenger cars - per thousand inhabitants,A,Annual,NR,Number,IT,Italy,2010,,619,,,,,
dataflow,ESTAT:ROAD_EQS_CARHAB(1.0),Passenger cars - per thousand inhabitants,A,Annual,NR,Number,IT,Italy,2011,,625,,,,,
dataflow,ESTAT:ROAD_EQS_CARHAB(1.0),Passenger cars - per thousand inhabitants,A,Annual,NR,Number,IT,Italy,2012,,621,,,,,
dataflow,ESTAT:ROAD_EQS_CARHAB(1.0),Passenger cars - per thousand inhabitants,A,Annual,NR,Number,IT,Italy,2013,,613,,,,,
dataflow,ESTAT:ROAD_EQS_CARHAB(1.0),Passenger cars - per thousand inhabitants,A,Annual,NR,Number,IT,Italy,2014,,615,,,,,
dataflow,ESTAT:ROAD_EQS_CARHAB(1.0),Passenger cars - per thousand inhabitants,A,Annual,NR,Number,IT,Italy,2015,,621,,,,,
dataflow,ESTAT:ROAD_EQS_CARHAB(1.0),Passenger cars - per thousand inhabitants,A,Annual,NR,Number,IT,Italy,2016,,631,,,,,
dataflow,ESTAT:ROAD_EQS_CARHAB(1.0),Passenger cars - per thousand inhabitants,A,Annual,NR,Number,IT,Italy,2017,,643,,,,,
dataflow,ESTAT:ROAD_EQS_CARHAB(1.0),Passenger cars - per thousand inhabitants,A,Annual,NR,Number,IT,Italy,2018,,652,,,,,
dataflow,ESTAT:ROAD_EQS_CARHAB(1.0),Passenger cars - per thousand inhabitants,A,Annual,NR,Number,IT,Italy,2019,,663,,,,,
dataflow,ESTAT:ROAD_EQS_CARHAB(1.0),Passenger cars - per thousand inhabitants,A,Annual,NR,Number,IT,Italy,2020,,671,,,,,
dataflow,ESTAT:ROAD_EQS_CARHAB(1.0),Passenger cars - per thousand inhabitants,A,Annual,NR,Number,IT,Italy,2021,,675,,,,,
dataflow,ESTAT:ROAD_EQS_CARHAB(1.0),Passenger cars - per thousand inhabitants,A,Annual,NR,Number,IT,Italy,2022,,682,,,,,
dataflow,ESTAT:ROAD_EQS_CARHAB(1.0),Passenger cars - per thousand inhabitants,A,Annual,NR,Number,IT,Italy,2023,,694,,,,,
dataflow,ESTAT:ROAD_EQS_CARHAB(1.0),Passenger cars - per thousand inhabitants,A,Annual,NR,Number,IT,Italy,2024,,701,,p,provisional,,
dataflow,ESTAT:ROAD_EQS_CARHAB(1.0),Passenger cars - per thousand inhabitants,A,Annual,NR,Number,LI,Liechtenstein,1990,,582,,,,,
dataflow,ESTAT:ROAD_EQS_CARHAB(1.0),Passenger cars - per thousand inhabitants,A,Annual,NR,Number,LI,Liechtenstein,1991,,590,,,,,
dataflow,ESTAT:ROAD_EQS_CARHAB(1.0),Passenger cars - per thousand inhabitants,A,Annual,NR,Number,LI,Liechtenstein,1992,,593,,,,,
dataflow,ESTAT:ROAD_EQS_CARHAB(1.0),Passenger cars - per thousand inhabitants,A,Annual,NR,Number,LI,Liechtenstein,1993,,586,,,,,
dataflow,ESTAT:ROAD_EQS_CARHAB(1.0),Passenger cars - per thousand inhabitants,A,Annual,NR,Number,LI,Liechtenstein,1994,,596,,,,,
dataflow,ESTAT:ROAD_EQS_CARHAB(1.0),Passenger cars - per thousand inhabitants,A,Annual,NR,Number,LI,Liechtenstein,1995,,614,,,,,
dataflow,ESTAT:ROAD_EQS_CARHAB(1.0),Passenger cars - per thousand inhabitants,A,Annual,NR,Number,LI,Liechtenstein,1996,,610,,,,,
dataflow,ESTAT:ROAD_EQS_CARHAB(1.0),Passenger cars - per thousand inhabitants,A,Annual,NR,Number,LI,Liechtenstein,1997,,639,,,,,
dataflow,ESTAT:ROAD_EQS_CARHAB(1.0),Passenger cars - per thousand inhabitants,A,Annual,NR,Number,LI,Liechtenstein,1998,,625,,,,,
dataflow,ESTAT:ROAD_EQS_CARHAB(1.0),Passenger cars - per thousand inhabitants,A,Annual,NR,Number,LI,Liechtenstein,1999,,648,,,,,
dataflow,ESTAT:ROAD_EQS_CARHAB(1.0),Passenger cars - per thousand inhabitants,A,Annual,NR,Number,LI,Liechtenstein,2000,,669,,,,,
dataflow,ESTAT:ROAD_EQS_CARHAB(1.0),Passenger cars - per thousand inhabitants,A,Annual,NR,Number,LI,Liechtenstein,2001,,675,,,,,
dataflow,ESTAT:ROAD_EQS_CARHAB(1.0),Passenger cars - per thousand inhabitants,A,Annual,NR,Number,LI,Liechtenstein,2002,,679,,,,,
dataflow,ESTAT:ROAD_EQS_CARHAB(1.0),Passenger cars - per thousand inhabitants,A,Annual,NR,Number,LI,Liechtenstein,2003,,686,,,,,
dataflow,ESTAT:ROAD_EQS_CARHAB(1.0),Passenger cars - per thousand inhabitants,A,Annual,NR,Number,LI,Liechtenstein,2004,,692,,,,,
dataflow,ESTAT:ROAD_EQS_CARHAB(1.0),Passenger cars - per thousand inhabitants,A,Annual,NR,Number,LI,Liechtenstein,2005,,699,,,,,
dataflow,ESTAT:ROAD_EQS_CARHAB(1.0),Passenger cars - per thousand inhabitants,A,Annual,NR,Number,LI,Liechtenstein,2006,,691,,,,,
dataflow,ESTAT:ROAD_EQS_CARHAB(1.0),Passenger cars - per thousand inhabitants,A,Annual,NR,Number,LI,Liechtenstein,2007,,689,,,,,
dataflow,ESTAT:ROAD_EQS_CARHAB(1.0),Passenger cars - per thousand inhabitants,A,Annual,NR,Number,LI,Liechtenstein,2008,,715,,,,,
dataflow,ESTAT:ROAD_EQS_CARHAB(1.0),Passenger cars - per thousand inhabitants,A,Annual,NR,Number,LI,Liechtenstein,2009,,722,,,,,
dataflow,ESTAT:ROAD_EQS_CARHAB(1.0),Passenger cars - per thousand inhabitants,A,Annual,NR,Number,LI,Liechtenstein,2010,,744,,,,,
dataflow,ESTAT:ROAD_EQS_CARHAB(1.0),Passenger cars - per thousand inhabitants,A,Annual,NR,Number,LI,Liechtenstein,2011,,749,,,,,
dataflow,ESTAT:ROAD_EQS_CARHAB(1.0),Passenger cars - per thousand inhabitants,A,Annual,NR,Number,LI,Liechtenstein,2012,,760,,,,,
dataflow,ESTAT:ROAD_EQS_CARHAB(1.0),Passenger cars - per thousand inhabitants,A,Annual,NR,Number,LI,Liechtenstein,2013,,757,,,,,
dataflow,ESTAT:ROAD_EQS_CARHAB(1.0),Passenger cars - per thousand inhabitants,A,Annual,NR,Number,LI,Liechtenstein,2014,,762,,,,,
dataflow,ESTAT:ROAD_EQS_CARHAB(1.0),Passenger cars - per thousand inhabitants,A,Annual,NR,Number,LI,Liechtenstein,2015,,766,,,,,
dataflow,ESTAT:ROAD_EQS_CARHAB(1.0),Passenger cars - per thousand inhabitants,A,Annual,NR,Number,LI,Liechtenstein,2016,,773,,,,,
dataflow,ESTAT:ROAD_EQS_CARHAB(1.0),Passenger cars - per thousand inhabitants,A,Annual,NR,Number,LI,Liechtenstein,2017,,779,,,,,
dataflow,ESTAT:ROAD_EQS_CARHAB(1.0),Passenger cars - per thousand inhabitants,A,Annual,NR,Number,LI,Liechtenstein,2018,,780,,,,,
dataflow,ESTAT:ROAD_EQS_CARHAB(1.0),Passenger cars - per thousand inhabitants,A,Annual,NR,Number,LI,Liechtenstein,2019,,781,,,,,
dataflow,ESTAT:ROAD_EQS_CARHAB(1.0),Passenger cars - per thousand inhabitants,A,Annual,NR,Number,LI,Liechtenstein,2020,,779,,,,,
dataflow,ESTAT:ROAD_EQS_CARHAB(1.0),Passenger cars - per thousand inhabitants,A,Annual,NR,Number,LI,Liechtenstein,2021,,777,,,,,
dataflow,ESTAT:ROAD_EQS_CARHAB(1.0),Passenger cars - per thousand inhabitants,A,Annual,NR,Number,LI,Liechtenstein,2022,,773,,,,,
dataflow,ESTAT:ROAD_EQS_CARHAB(1.0),Passenger cars - per thousand inhabitants,A,Annual,NR,Number,LI,Liechtenstein,2023,,774,,,,,
dataflow,ESTAT:ROAD_EQS_CARHAB(1.0),Passenger cars - per thousand inhabitants,A,Annual,NR,Number,LI,Liechtenstein,2024,,767,,p,provisional,,
dataflow,ESTAT:ROAD_EQS_CARHAB(1.0),Passenger cars - per thousand inhabitants,A,Annual,NR,Number,LT,Lithuania,1990,,133,,,,,
dataflow,ESTAT:ROAD_EQS_CARHAB(1.0),Passenger cars - per thousand inhabitants,A,Annual,NR,Number,LT,Lithuania,1991,,143,,,,,
dataflow,ESTAT:ROAD_EQS_CARHAB(1.0),Passenger cars - per thousand inhabitants,A,Annual,NR,Number,LT,Lithuania,1992,,153,,,,,
dataflow,ESTAT:ROAD_EQS_CARHAB(1.0),Passenger cars - per thousand inhabitants,A,Annual,NR,Number,LT,Lithuania,1993,,163,,,,,
dataflow,ESTAT:ROAD_EQS_CARHAB(1.0),Passenger cars - per thousand inhabitants,A,Annual,NR,Number,LT,Lithuania,1994,,179,,,,,
dataflow,ESTAT:ROAD_EQS_CARHAB(1.0),Passenger cars - per thousand inhabitants,A,Annual,NR,Number,LT,Lithuania,1995,,199,,,,,
dataflow,ESTAT:ROAD_EQS_CARHAB(1.0),Passenger cars - per thousand inhabitants,A,Annual,NR,Number,LT,Lithuania,1996,,219,,,,,
dataflow,ESTAT:ROAD_EQS_CARHAB(1.0),Passenger cars - per thousand inhabitants,A,Annual,NR,Number,LT,Lithuania,1997,,248,,,,,
dataflow,ESTAT:ROAD_EQS_CARHAB(1.0),Passenger cars - per thousand inhabitants,A,Annual,NR,Number,LT,Lithuania,1998,,277,,,,,
dataflow,ESTAT:ROAD_EQS_CARHAB(1.0),Passenger cars - per thousand inhabitants,A,Annual,NR,Number,LT,Lithuania,1999,,310,,,,,
dataflow,ESTAT:ROAD_EQS_CARHAB(1.0),Passenger cars - per thousand inhabitants,A,Annual,NR,Number,LT,Lithuania,2000,,336,,,,,
dataflow,ESTAT:ROAD_EQS_CARHAB(1.0),Passenger cars - per thousand inhabitants,A,Annual,NR,Number,LT,Lithuania,2001,,328,,,,,
dataflow,ESTAT:ROAD_EQS_CARHAB(1.0),Passenger cars - per thousand inhabitants,A,Annual,NR,Number,LT,Lithuania,2002,,344,,,,,
dataflow,ESTAT:ROAD_EQS_CARHAB(1.0),Passenger cars - per thousand inhabitants,A,Annual,NR,Number,LT,Lithuania,2003,,370,,,,,
dataflow,ESTAT:ROAD_EQS_CARHAB(1.0),Passenger cars - per thousand inhabitants,A,Annual,NR,Number,LT,Lithuania,2004,,392,,,,,
dataflow,ESTAT:ROAD_EQS_CARHAB(1.0),Passenger cars - per thousand inhabitants,A,Annual,NR,Number,LT,Lithuania,2005,,442,,,,,
dataflow,ESTAT:ROAD_EQS_CARHAB(1.0),Passenger cars - per thousand inhabitants,A,Annual,NR,Number,LT,Lithuania,2006,,490,,,,,
dataflow,ESTAT:ROAD_EQS_CARHAB(1.0),Passenger cars - per thousand inhabitants,A,Annual,NR,Number,LT,Lithuania,2007,,494,,,,,
dataflow,ESTAT:ROAD_EQS_CARHAB(1.0),Passenger cars - per thousand inhabitants,A,Annual,NR,Number,LT,Lithuania,2008,,525,,,,,
dataflow,ESTAT:ROAD_EQS_CARHAB(1.0),Passenger cars - per thousand inhabitants,A,Annual,NR,Number,LT,Lithuania,2009,,540,,,,,
dataflow,ESTAT:ROAD_EQS_CARHAB(1.0),Passenger cars - per thousand inhabitants,A,Annual,NR,Number,LT,Lithuania,2010,,554,,,,,
dataflow,ESTAT:ROAD_EQS_CARHAB(1.0),Passenger cars - per thousand inhabitants,A,Annual,NR,Number,LT,Lithuania,2011,,570,,,,,
dataflow,ESTAT:ROAD_EQS_CARHAB(1.0),Passenger cars - per thousand inhabitants,A,Annual,NR,Number,LT,Lithuania,2012,,590,,,,,
dataflow,ESTAT:ROAD_EQS_CARHAB(1.0),Passenger cars - per thousand inhabitants,A,Annual,NR,Number,LT,Lithuania,2013,,614,,,,,
dataflow,ESTAT:ROAD_EQS_CARHAB(1.0),Passenger cars - per thousand inhabitants,A,Annual,NR,Number,LT,Lithuania,2014,,412,,b,break in time series,,
dataflow,ESTAT:ROAD_EQS_CARHAB(1.0),Passenger cars - per thousand inhabitants,A,Annual,NR,Number,LT,Lithuania,2015,,430,,,,,
dataflow,ESTAT:ROAD_EQS_CARHAB(1.0),Passenger cars - per thousand inhabitants,A,Annual,NR,Number,LT,Lithuania,2016,,454,,,,,
dataflow,ESTAT:ROAD_EQS_CARHAB(1.0),Passenger cars - per thousand inhabitants,A,Annual,NR,Number,LT,Lithuania,2017,,480,,,,,
dataflow,ESTAT:ROAD_EQS_CARHAB(1.0),Passenger cars - per thousand inhabitants,A,Annual,NR,Number,LT,Lithuania,2018,,509,,,,,
dataflow,ESTAT:ROAD_EQS_CARHAB(1.0),Passenger cars - per thousand inhabitants,A,Annual,NR,Number,LT,Lithuania,2019,,533,,,,,
dataflow,ESTAT:ROAD_EQS_CARHAB(1.0),Passenger cars - per thousand inhabitants,A,Annual,NR,Number,LT,Lithuania,2020,,557,,,,,
dataflow,ESTAT:ROAD_EQS_CARHAB(1.0),Passenger cars - per thousand inhabitants,A,Annual,NR,Number,LT,Lithuania,2021,,574,,,,,
dataflow,ESTAT:ROAD_EQS_CARHAB(1.0),Passenger cars - per thousand inhabitants,A,Annual,NR,Number,LT,Lithuania,2022,,578,,,,,
dataflow,ESTAT:ROAD_EQS_CARHAB(1.0),Passenger cars - per thousand inhabitants,A,Annual,NR,Number,LT,Lithuania,2023,,589,,,,,
dataflow,ESTAT:ROAD_EQS_CARHAB(1.0),Passenger cars - per thousand inhabitants,A,Annual,NR,Number,LT,Lithuania,2024,,598,,,,,
dataflow,ESTAT:ROAD_EQS_CARHAB(1.0),Passenger cars - per thousand inhabitants,A,Annual,NR,Number,LU,Luxembourg,1990,,499,,,,,
dataflow,ESTAT:ROAD_EQS_CARHAB(1.0),Passenger cars - per thousand inhabitants,A,Annual,NR,Number,LU,Luxembourg,1991,,516,,,,,
dataflow,ESTAT:ROAD_EQS_CARHAB(1.0),Passenger cars - per thousand inhabitants,A,Annual,NR,Number,LU,Luxembourg,1992,,529,,,,,
dataflow,ESTAT:ROAD_EQS_CARHAB(1.0),Passenger cars - per thousand inhabitants,A,Annual,NR,Number,LU,Luxembourg,1993,,545,,,,,
dataflow,ESTAT:ROAD_EQS_CARHAB(1.0),Passenger cars - per thousand inhabitants,A,Annual,NR,Number,LU,Luxembourg,1994,,565,,,,,
dataflow,ESTAT:ROAD_EQS_CARHAB(1.0),Passenger cars - per thousand inhabitants,A,Annual,NR,Number,LU,Luxembourg,1998,,592,,,,,
dataflow,ESTAT:ROAD_EQS_CARHAB(1.0),Passenger cars - per thousand inhabitants,A,Annual,NR,Number,LU,Luxembourg,1999,,607,,,,,
dataflow,ESTAT:ROAD_EQS_CARHAB(1.0),Passenger cars - per thousand inhabitants,A,Annual,NR,Number,LU,Luxembourg,2000,,622,,,,,
dataflow,ESTAT:ROAD_EQS_CARHAB(1.0),Passenger cars - per thousand inhabitants,A,Annual,NR,Number,LU,Luxembourg,2001,,633,,,,,
dataflow,ESTAT:ROAD_EQS_CARHAB(1.0),Passenger cars - per thousand inhabitants,A,Annual,NR,Number,LU,Luxembourg,2002,,640,,,,,
dataflow,ESTAT:ROAD_EQS_CARHAB(1.0),Passenger cars - per thousand inhabitants,A,Annual,NR,Number,LU,Luxembourg,2003,,644,,,,,
dataflow,ESTAT:ROAD_EQS_CARHAB(1.0),Passenger cars - per thousand inhabitants,A,Annual,NR,Number,LU,Luxembourg,2004,,648,,,,,
dataflow,ESTAT:ROAD_EQS_CARHAB(1.0),Passenger cars - per thousand inhabitants,A,Annual,NR,Number,LU,Luxembourg,2005,,654,,,,,
dataflow,ESTAT:ROAD_EQS_CARHAB(1.0),Passenger cars - per thousand inhabitants,A,Annual,NR,Number,LU,Luxembourg,2006,,662,,,,,
dataflow,ESTAT:ROAD_EQS_CARHAB(1.0),Passenger cars - per thousand inhabitants,A,Annual,NR,Number,LU,Luxembourg,2007,,666,,,,,
dataflow,ESTAT:ROAD_EQS_CARHAB(1.0),Passenger cars - per thousand inhabitants,A,Annual,NR,Number,LU,Luxembourg,2008,,665,,,,,
dataflow,ESTAT:ROAD_EQS_CARHAB(1.0),Passenger cars - per thousand inhabitants,A,Annual,NR,Number,LU,Luxembourg,2009,,660,,,,,
dataflow,ESTAT:ROAD_EQS_CARHAB(1.0),Passenger cars - per thousand inhabitants,A,Annual,NR,Number,LU,Luxembourg,2010,,659,,,,,
dataflow,ESTAT:ROAD_EQS_CARHAB(1.0),Passenger cars - per thousand inhabitants,A,Annual,NR,Number,LU,Luxembourg,2011,,658,,b,break in time series,,
dataflow,ESTAT:ROAD_EQS_CARHAB(1.0),Passenger cars - per thousand inhabitants,A,Annual,NR,Number,LU,Luxembourg,2012,,663,,,,,
dataflow,ESTAT:ROAD_EQS_CARHAB(1.0),Passenger cars - per thousand inhabitants,A,Annual,NR,Number,LU,Luxembourg,2013,,661,,,,,
dataflow,ESTAT:ROAD_EQS_CARHAB(1.0),Passenger cars - per thousand inhabitants,A,Annual,NR,Number,LU,Luxembourg,2014,,662,,,,,
dataflow,ESTAT:ROAD_EQS_CARHAB(1.0),Passenger cars - per thousand inhabitants,A,Annual,NR,Number,LU,Luxembourg,2015,,661,,,,,
dataflow,ESTAT:ROAD_EQS_CARHAB(1.0),Passenger cars - per thousand inhabitants,A,Annual,NR,Number,LU,Luxembourg,2016,,662,,b,break in time series,,
dataflow,ESTAT:ROAD_EQS_CARHAB(1.0),Passenger cars - per thousand inhabitants,A,Annual,NR,Number,LU,Luxembourg,2017,,670,,,,,
dataflow,ESTAT:ROAD_EQS_CARHAB(1.0),Passenger cars - per thousand inhabitants,A,Annual,NR,Number,LU,Luxembourg,2018,,676,,,,,
dataflow,ESTAT:ROAD_EQS_CARHAB(1.0),Passenger cars - per thousand inhabitants,A,Annual,NR,Number,LU,Luxembourg,2019,,681,,,,,
dataflow,ESTAT:ROAD_EQS_CARHAB(1.0),Passenger cars - per thousand inhabitants,A,Annual,NR,Number,LU,Luxembourg,2020,,682,,,,,
dataflow,ESTAT:ROAD_EQS_CARHAB(1.0),Passenger cars - per thousand inhabitants,A,Annual,NR,Number,LU,Luxembourg,2021,,682,,,,,
dataflow,ESTAT:ROAD_EQS_CARHAB(1.0),Passenger cars - per thousand inhabitants,A,Annual,NR,Number,LU,Luxembourg,2022,,673,,,,,
dataflow,ESTAT:ROAD_EQS_CARHAB(1.0),Passenger cars - per thousand inhabitants,A,Annual,NR,Number,LU,Luxembourg,2023,,675,,,,,
dataflow,ESTAT:ROAD_EQS_CARHAB(1.0),Passenger cars - per thousand inhabitants,A,Annual,NR,Number,LU,Luxembourg,2024,,670,,,,,
dataflow,ESTAT:ROAD_EQS_CARHAB(1.0),Passenger cars - per thousand inhabitants,A,Annual,NR,Number,LV,Latvia,1990,,125,,,,,
dataflow,ESTAT:ROAD_EQS_CARHAB(1.0),Passenger cars - per thousand inhabitants,A,Annual,NR,Number,LV,Latvia,1991,,124,,,,,
dataflow,ESTAT:ROAD_EQS_CARHAB(1.0),Passenger cars - per thousand inhabitants,A,Annual,NR,Number,LV,Latvia,1992,,135,,,,,
dataflow,ESTAT:ROAD_EQS_CARHAB(1.0),Passenger cars - per thousand inhabitants,A,Annual,NR,Number,LV,Latvia,1993,,145,,,,,
dataflow,ESTAT:ROAD_EQS_CARHAB(1.0),Passenger cars - per thousand inhabitants,A,Annual,NR,Number,LV,Latvia,1994,,101,,b,break in time series,,
dataflow,ESTAT:ROAD_EQS_CARHAB(1.0),Passenger cars - per thousand inhabitants,A,Annual,NR,Number,LV,Latvia,1995,,134,,,,,
dataflow,ESTAT:ROAD_EQS_CARHAB(1.0),Passenger cars - per thousand inhabitants,A,Annual,NR,Number,LV,Latvia,1996,,155,,,,,
dataflow,ESTAT:ROAD_EQS_CARHAB(1.0),Passenger cars - per thousand inhabitants,A,Annual,NR,Number,LV,Latvia,1997,,178,,,,,
dataflow,ESTAT:ROAD_EQS_CARHAB(1.0),Passenger cars - per thousand inhabitants,A,Annual,NR,Number,LV,Latvia,1998,,201,,,,,
dataflow,ESTAT:ROAD_EQS_CARHAB(1.0),Passenger cars - per thousand inhabitants,A,Annual,NR,Number,LV,Latvia,1999,,221,,,,,
dataflow,ESTAT:ROAD_EQS_CARHAB(1.0),Passenger cars - per thousand inhabitants,A,Annual,NR,Number,LV,Latvia,2000,,237,,,,,
dataflow,ESTAT:ROAD_EQS_CARHAB(1.0),Passenger cars - per thousand inhabitants,A,Annual,NR,Number,LV,Latvia,2001,,253,,,,,
dataflow,ESTAT:ROAD_EQS_CARHAB(1.0),Passenger cars - per thousand inhabitants,A,Annual,NR,Number,LV,Latvia,2002,,269,,,,,
dataflow,ESTAT:ROAD_EQS_CARHAB(1.0),Passenger cars - per thousand inhabitants,A,Annual,NR,Number,LV,Latvia,2003,,285,,,,,
dataflow,ESTAT:ROAD_EQS_CARHAB(1.0),Passenger cars - per thousand inhabitants,A,Annual,NR,Number,LV,Latvia,2004,,305,,,,,
dataflow,ESTAT:ROAD_EQS_CARHAB(1.0),Passenger cars - per thousand inhabitants,A,Annual,NR,Number,LV,Latvia,2005,,333,,,,,
dataflow,ESTAT:ROAD_EQS_CARHAB(1.0),Passenger cars - per thousand inhabitants,A,Annual,NR,Number,LV,Latvia,2006,,372,,,,,
dataflow,ESTAT:ROAD_EQS_CARHAB(1.0),Passenger cars - per thousand inhabitants,A,Annual,NR,Number,LV,Latvia,2007,,413,,,,,
dataflow,ESTAT:ROAD_EQS_CARHAB(1.0),Passenger cars - per thousand inhabitants,A,Annual,NR,Number,LV,Latvia,2008,,431,,,,,
dataflow,ESTAT:ROAD_EQS_CARHAB(1.0),Passenger cars - per thousand inhabitants,A,Annual,NR,Number,LV,Latvia,2009,,426,,,,,
dataflow,ESTAT:ROAD_EQS_CARHAB(1.0),Passenger cars - per thousand inhabitants,A,Annual,NR,Number,LV,Latvia,2010,,307,,,,,
dataflow,ESTAT:ROAD_EQS_CARHAB(1.0),Passenger cars - per thousand inhabitants,A,Annual,NR,Number,LV,Latvia,2011,,299,,,,,
dataflow,ESTAT:ROAD_EQS_CARHAB(1.0),Passenger cars - per thousand inhabitants,A,Annual,NR,Number,LV,Latvia,2012,,305,,,,,
dataflow,ESTAT:ROAD_EQS_CARHAB(1.0),Passenger cars - per thousand inhabitants,A,Annual,NR,Number,LV,Latvia,2013,,317,,,,,
dataflow,ESTAT:ROAD_EQS_CARHAB(1.0),Passenger cars - per thousand inhabitants,A,Annual,NR,Number,LV,Latvia,2014,,331,,,,,
dataflow,ESTAT:ROAD_EQS_CARHAB(1.0),Passenger cars - per thousand inhabitants,A,Annual,NR,Number,LV,Latvia,2015,,345,,,,,
dataflow,ESTAT:ROAD_EQS_CARHAB(1.0),Passenger cars - per thousand inhabitants,A,Annual,NR,Number,LV,Latvia,2016,,341,,,,,
dataflow,ESTAT:ROAD_EQS_CARHAB(1.0),Passenger cars - per thousand inhabitants,A,Annual,NR,Number,LV,Latvia,2017,,356,,,,,
dataflow,ESTAT:ROAD_EQS_CARHAB(1.0),Passenger cars - per thousand inhabitants,A,Annual,NR,Number,LV,Latvia,2018,,369,,,,,
dataflow,ESTAT:ROAD_EQS_CARHAB(1.0),Passenger cars - per thousand inhabitants,A,Annual,NR,Number,LV,Latvia,2019,,381,,,,,
dataflow,ESTAT:ROAD_EQS_CARHAB(1.0),Passenger cars - per thousand inhabitants,A,Annual,NR,Number,LV,Latvia,2020,,390,,,,,
dataflow,ESTAT:ROAD_EQS_CARHAB(1.0),Passenger cars - per thousand inhabitants,A,Annual,NR,Number,LV,Latvia,2021,,404,,,,,
dataflow,ESTAT:ROAD_EQS_CARHAB(1.0),Passenger cars - per thousand inhabitants,A,Annual,NR,Number,LV,Latvia,2022,,407,,,,,
dataflow,ESTAT:ROAD_EQS_CARHAB(1.0),Passenger cars - per thousand inhabitants,A,Annual,NR,Number,LV,Latvia,2023,,417,,,,,
dataflow,ESTAT:ROAD_EQS_CARHAB(1.0),Passenger cars - per thousand inhabitants,A,Annual,NR,Number,LV,Latvia,2024,,424,,,,,
dataflow,ESTAT:ROAD_EQS_CARHAB(1.0),Passenger cars - per thousand inhabitants,A,Annual,NR,Number,MD,Moldova,2009,,108,,,,,
dataflow,ESTAT:ROAD_EQS_CARHAB(1.0),Passenger cars - per thousand inhabitants,A,Annual,NR,Number,MD,Moldova,2010,,114,,,,,
dataflow,ESTAT:ROAD_EQS_CARHAB(1.0),Passenger cars - per thousand inhabitants,A,Annual,NR,Number,MD,Moldova,2011,,120,,,,,
dataflow,ESTAT:ROAD_EQS_CARHAB(1.0),Passenger cars - per thousand inhabitants,A,Annual,NR,Number,MD,Moldova,2012,,128,,,,,
dataflow,ESTAT:ROAD_EQS_CARHAB(1.0),Passenger cars - per thousand inhabitants,A,Annual,NR,Number,MD,Moldova,2013,,137,,,,,
dataflow,ESTAT:ROAD_EQS_CARHAB(1.0),Passenger cars - per thousand inhabitants,A,Annual,NR,Number,MD,Moldova,2014,,144,,,,,
dataflow,ESTAT:ROAD_EQS_CARHAB(1.0),Passenger cars - per thousand inhabitants,A,Annual,NR,Number,MD,Moldova,2015,,186,,e,estimated,,
dataflow,ESTAT:ROAD_EQS_CARHAB(1.0),Passenger cars - per thousand inhabitants,A,Annual,NR,Number,MD,Moldova,2016,,194,,e,estimated,,
dataflow,ESTAT:ROAD_EQS_CARHAB(1.0),Passenger cars - per thousand inhabitants,A,Annual,NR,Number,MD,Moldova,2017,,211,,e,estimated,,
dataflow,ESTAT:ROAD_EQS_CARHAB(1.0),Passenger cars - per thousand inhabitants,A,Annual,NR,Number,MD,Moldova,2018,,226,,e,estimated,,
dataflow,ESTAT:ROAD_EQS_CARHAB(1.0),Passenger cars - per thousand inhabitants,A,Annual,NR,Number,MD,Moldova,2019,,242,,e,estimated,,
dataflow,ESTAT:ROAD_EQS_CARHAB(1.0),Passenger cars - per thousand inhabitants,A,Annual,NR,Number,MD,Moldova,2020,,256,,e,estimated,,
dataflow,ESTAT:ROAD_EQS_CARHAB(1.0),Passenger cars - per thousand inhabitants,A,Annual,NR,Number,MD,Moldova,2021,,279,,e,estimated,,
dataflow,ESTAT:ROAD_EQS_CARHAB(1.0),Passenger cars - per thousand inhabitants,A,Annual,NR,Number,MD,Moldova,2022,,297,,e,estimated,,
dataflow,ESTAT:ROAD_EQS_CARHAB(1.0),Passenger cars - per thousand inhabitants,A,Annual,NR,Number,MD,Moldova,2023,,325,,e,estimated,,
dataflow,ESTAT:ROAD_EQS_CARHAB(1.0),Passenger cars - per thousand inhabitants,A,Annual,NR,Number,MD,Moldova,2024,,354,,,,,
dataflow,ESTAT:ROAD_EQS_CARHAB(1.0),Passenger cars - per thousand inhabitants,A,Annual,NR,Number,ME,Montenegro,2011,,277,,,,,
dataflow,ESTAT:ROAD_EQS_CARHAB(1.0),Passenger cars - per thousand inhabitants,A,Annual,NR,Number,ME,Montenegro,2014,,280,,,,,
dataflow,ESTAT:ROAD_EQS_CARHAB(1.0),Passenger cars - per thousand inhabitants,A,Annual,NR,Number,ME,Montenegro,2015,,283,,,,,
dataflow,ESTAT:ROAD_EQS_CARHAB(1.0),Passenger cars - per thousand inhabitants,A,Annual,NR,Number,ME,Montenegro,2016,,297,,,,,
dataflow,ESTAT:ROAD_EQS_CARHAB(1.0),Passenger cars - per thousand inhabitants,A,Annual,NR,Number,ME,Montenegro,2017,,310,,,,,
dataflow,ESTAT:ROAD_EQS_CARHAB(1.0),Passenger cars - per thousand inhabitants,A,Annual,NR,Number,ME,Montenegro,2018,,332,,,,,
dataflow,ESTAT:ROAD_EQS_CARHAB(1.0),Passenger cars - per thousand inhabitants,A,Annual,NR,Number,ME,Montenegro,2019,,350,,,,,
dataflow,ESTAT:ROAD_EQS_CARHAB(1.0),Passenger cars - per thousand inhabitants,A,Annual,NR,Number,ME,Montenegro,2020,,338,,,,,
dataflow,ESTAT:ROAD_EQS_CARHAB(1.0),Passenger cars - per thousand inhabitants,A,Annual,NR,Number,ME,Montenegro,2021,,358,,,,,
dataflow,ESTAT:ROAD_EQS_CARHAB(1.0),Passenger cars - per thousand inhabitants,A,Annual,NR,Number,ME,Montenegro,2022,,369,,,,,
dataflow,ESTAT:ROAD_EQS_CARHAB(1.0),Passenger cars - per thousand inhabitants,A,Annual,NR,Number,ME,Montenegro,2023,,389,,,,,
dataflow,ESTAT:ROAD_EQS_CARHAB(1.0),Passenger cars - per thousand inhabitants,A,Annual,NR,Number,ME,Montenegro,2024,,417,,,,,
dataflow,ESTAT:ROAD_EQS_CARHAB(1.0),Passenger cars - per thousand inhabitants,A,Annual,NR,Number,MK,North Macedonia,2000,,148,,,,,
dataflow,ESTAT:ROAD_EQS_CARHAB(1.0),Passenger cars - per thousand inhabitants,A,Annual,NR,Number,MK,North Macedonia,2001,,152,,,,,
dataflow,ESTAT:ROAD_EQS_CARHAB(1.0),Passenger cars - per thousand inhabitants,A,Annual,NR,Number,MK,North Macedonia,2002,,152,,,,,
dataflow,ESTAT:ROAD_EQS_CARHAB(1.0),Passenger cars - per thousand inhabitants,A,Annual,NR,Number,MK,North Macedonia,2005,,124,,,,,
dataflow,ESTAT:ROAD_EQS_CARHAB(1.0),Passenger cars - per thousand inhabitants,A,Annual,NR,Number,MK,North Macedonia,2006,,119,,,,,
dataflow,ESTAT:ROAD_EQS_CARHAB(1.0),Passenger cars - per thousand inhabitants,A,Annual,NR,Number,MK,North Macedonia,2007,,122,,,,,
dataflow,ESTAT:ROAD_EQS_CARHAB(1.0),Passenger cars - per thousand inhabitants,A,Annual,NR,Number,MK,North Macedonia,2008,,128,,,,,
dataflow,ESTAT:ROAD_EQS_CARHAB(1.0),Passenger cars - per thousand inhabitants,A,Annual,NR,Number,MK,North Macedonia,2009,,137,,,,,
dataflow,ESTAT:ROAD_EQS_CARHAB(1.0),Passenger cars - per thousand inhabitants,A,Annual,NR,Number,MK,North Macedonia,2010,,151,,,,,
dataflow,ESTAT:ROAD_EQS_CARHAB(1.0),Passenger cars - per thousand inhabitants,A,Annual,NR,Number,MK,North Macedonia,2011,,152,,,,,
dataflow,ESTAT:ROAD_EQS_CARHAB(1.0),Passenger cars - per thousand inhabitants,A,Annual,NR,Number,MK,North Macedonia,2012,,146,,,,,
dataflow,ESTAT:ROAD_EQS_CARHAB(1.0),Passenger cars - per thousand inhabitants,A,Annual,NR,Number,MK,North Macedonia,2013,,168,,e,estimated,,
dataflow,ESTAT:ROAD_EQS_CARHAB(1.0),Passenger cars - per thousand inhabitants,A,Annual,NR,Number,MK,North Macedonia,2014,,180,,e,estimated,,
dataflow,ESTAT:ROAD_EQS_CARHAB(1.0),Passenger cars - per thousand inhabitants,A,Annual,NR,Number,MK,North Macedonia,2015,,185,,e,estimated,,
dataflow,ESTAT:ROAD_EQS_CARHAB(1.0),Passenger cars - per thousand inhabitants,A,Annual,NR,Number,MK,North Macedonia,2016,,190,,e,estimated,,
dataflow,ESTAT:ROAD_EQS_CARHAB(1.0),Passenger cars - per thousand inhabitants,A,Annual,NR,Number,MK,North Macedonia,2017,,194,,,,,
dataflow,ESTAT:ROAD_EQS_CARHAB(1.0),Passenger cars - per thousand inhabitants,A,Annual,NR,Number,MK,North Macedonia,2018,,200,,,,,
dataflow,ESTAT:ROAD_EQS_CARHAB(1.0),Passenger cars - per thousand inhabitants,A,Annual,NR,Number,MK,North Macedonia,2019,,205,,,,,
dataflow,ESTAT:ROAD_EQS_CARHAB(1.0),Passenger cars - per thousand inhabitants,A,Annual,NR,Number,MK,North Macedonia,2020,,207,,,,,
dataflow,ESTAT:ROAD_EQS_CARHAB(1.0),Passenger cars - per thousand inhabitants,A,Annual,NR,Number,MK,North Macedonia,2021,,260,,,,,
dataflow,ESTAT:ROAD_EQS_CARHAB(1.0),Passenger cars - per thousand inhabitants,A,Annual,NR,Number,MK,North Macedonia,2022,,264,,,,,
dataflow,ESTAT:ROAD_EQS_CARHAB(1.0),Passenger cars - per thousand inhabitants,A,Annual,NR,Number,MK,North Macedonia,2023,,303,,,,,
dataflow,ESTAT:ROAD_EQS_CARHAB(1.0),Passenger cars - per thousand inhabitants,A,Annual,NR,Number,MK,North Macedonia,2024,,318,,,,,
dataflow,ESTAT:ROAD_EQS_CARHAB(1.0),Passenger cars - per thousand inhabitants,A,Annual,NR,Number,MT,Malta,1990,,302,,,,,
dataflow,ESTAT:ROAD_EQS_CARHAB(1.0),Passenger cars - per thousand inhabitants,A,Annual,NR,Number,MT,Malta,1991,,333,,,,,
dataflow,ESTAT:ROAD_EQS_CARHAB(1.0),Passenger cars - per thousand inhabitants,A,Annual,NR,Number,MT,Malta,1992,,338,,,,,
dataflow,ESTAT:ROAD_EQS_CARHAB(1.0),Passenger cars - per thousand inhabitants,A,Annual,NR,Number,MT,Malta,1993,,409,,,,,
dataflow,ESTAT:ROAD_EQS_CARHAB(1.0),Passenger cars - per thousand inhabitants,A,Annual,NR,Number,MT,Malta,1994,,453,,,,,
dataflow,ESTAT:ROAD_EQS_CARHAB(1.0),Passenger cars - per thousand inhabitants,A,Annual,NR,Number,MT,Malta,1995,,478,,,,,
dataflow,ESTAT:ROAD_EQS_CARHAB(1.0),Passenger cars - per thousand inhabitants,A,Annual,NR,Number,MT,Malta,1996,,436,,,,,
dataflow,ESTAT:ROAD_EQS_CARHAB(1.0),Passenger cars - per thousand inhabitants,A,Annual,NR,Number,MT,Malta,1997,,478,,,,,
dataflow,ESTAT:ROAD_EQS_CARHAB(1.0),Passenger cars - per thousand inhabitants,A,Annual,NR,Number,MT,Malta,1998,,450,,,,,
dataflow,ESTAT:ROAD_EQS_CARHAB(1.0),Passenger cars - per thousand inhabitants,A,Annual,NR,Number,MT,Malta,1999,,470,,,,,
dataflow,ESTAT:ROAD_EQS_CARHAB(1.0),Passenger cars - per thousand inhabitants,A,Annual,NR,Number,MT,Malta,2000,,483,,,,,
dataflow,ESTAT:ROAD_EQS_CARHAB(1.0),Passenger cars - per thousand inhabitants,A,Annual,NR,Number,MT,Malta,2001,,495,,,,,
dataflow,ESTAT:ROAD_EQS_CARHAB(1.0),Passenger cars - per thousand inhabitants,A,Annual,NR,Number,MT,Malta,2002,,508,,,,,
dataflow,ESTAT:ROAD_EQS_CARHAB(1.0),Passenger cars - per thousand inhabitants,A,Annual,NR,Number,MT,Malta,2005,,525,,,,,
dataflow,ESTAT:ROAD_EQS_CARHAB(1.0),Passenger cars - per thousand inhabitants,A,Annual,NR,Number,MT,Malta,2006,,537,,,,,
dataflow,ESTAT:ROAD_EQS_CARHAB(1.0),Passenger cars - per thousand inhabitants,A,Annual,NR,Number,MT,Malta,2007,,549,,,,,
dataflow,ESTAT:ROAD_EQS_CARHAB(1.0),Passenger cars - per thousand inhabitants,A,Annual,NR,Number,MT,Malta,2008,,558,,,,,
dataflow,ESTAT:ROAD_EQS_CARHAB(1.0),Passenger cars - per thousand inhabitants,A,Annual,NR,Number,MT,Malta,2009,,566,,,,,
dataflow,ESTAT:ROAD_EQS_CARHAB(1.0),Passenger cars - per thousand inhabitants,A,Annual,NR,Number,MT,Malta,2010,,581,,,,,
dataflow,ESTAT:ROAD_EQS_CARHAB(1.0),Passenger cars - per thousand inhabitants,A,Annual,NR,Number,MT,Malta,2011,,592,,,,,
dataflow,ESTAT:ROAD_EQS_CARHAB(1.0),Passenger cars - per thousand inhabitants,A,Annual,NR,Number,MT,Malta,2012,,591,,,,,
dataflow,ESTAT:ROAD_EQS_CARHAB(1.0),Passenger cars - per thousand inhabitants,A,Annual,NR,Number,MT,Malta,2013,,598,,,,,
dataflow,ESTAT:ROAD_EQS_CARHAB(1.0),Passenger cars - per thousand inhabitants,A,Annual,NR,Number,MT,Malta,2014,,606,,,,,
dataflow,ESTAT:ROAD_EQS_CARHAB(1.0),Passenger cars - per thousand inhabitants,A,Annual,NR,Number,MT,Malta,2015,,612,,,,,
dataflow,ESTAT:ROAD_EQS_CARHAB(1.0),Passenger cars - per thousand inhabitants,A,Annual,NR,Number,MT,Malta,2016,,616,,,,,
dataflow,ESTAT:ROAD_EQS_CARHAB(1.0),Passenger cars - per thousand inhabitants,A,Annual,NR,Number,MT,Malta,2017,,615,,,,,
dataflow,ESTAT:ROAD_EQS_CARHAB(1.0),Passenger cars - per thousand inhabitants,A,Annual,NR,Number,MT,Malta,2018,,609,,,,,
dataflow,ESTAT:ROAD_EQS_CARHAB(1.0),Passenger cars - per thousand inhabitants,A,Annual,NR,Number,MT,Malta,2019,,597,,,,,
dataflow,ESTAT:ROAD_EQS_CARHAB(1.0),Passenger cars - per thousand inhabitants,A,Annual,NR,Number,MT,Malta,2020,,597,,,,,
dataflow,ESTAT:ROAD_EQS_CARHAB(1.0),Passenger cars - per thousand inhabitants,A,Annual,NR,Number,MT,Malta,2021,,602,,,,,
dataflow,ESTAT:ROAD_EQS_CARHAB(1.0),Passenger cars - per thousand inhabitants,A,Annual,NR,Number,MT,Malta,2022,,585,,,,,
dataflow,ESTAT:ROAD_EQS_CARHAB(1.0),Passenger cars - per thousand inhabitants,A,Annual,NR,Number,MT,Malta,2023,,575,,,,,
dataflow,ESTAT:ROAD_EQS_CARHAB(1.0),Passenger cars - per thousand inhabitants,A,Annual,NR,Number,MT,Malta,2024,,576,,,,,
dataflow,ESTAT:ROAD_EQS_CARHAB(1.0),Passenger cars - per thousand inhabitants,A,Annual,NR,Number,NL,Netherlands,1990,,367,,,,,
dataflow,ESTAT:ROAD_EQS_CARHAB(1.0),Passenger cars - per thousand inhabitants,A,Annual,NR,Number,NL,Netherlands,1991,,368,,,,,
dataflow,ESTAT:ROAD_EQS_CARHAB(1.0),Passenger cars - per thousand inhabitants,A,Annual,NR,Number,NL,Netherlands,1992,,371,,,,,
dataflow,ESTAT:ROAD_EQS_CARHAB(1.0),Passenger cars - per thousand inhabitants,A,Annual,NR,Number,NL,Netherlands,1993,,356,,,,,
dataflow,ESTAT:ROAD_EQS_CARHAB(1.0),Passenger cars - per thousand inhabitants,A,Annual,NR,Number,NL,Netherlands,1994,,362,,,,,
dataflow,ESTAT:ROAD_EQS_CARHAB(1.0),Passenger cars - per thousand inhabitants,A,Annual,NR,Number,NL,Netherlands,1995,,366,,,,,
dataflow,ESTAT:ROAD_EQS_CARHAB(1.0),Passenger cars - per thousand inhabitants,A,Annual,NR,Number,NL,Netherlands,1996,,373,,,,,
dataflow,ESTAT:ROAD_EQS_CARHAB(1.0),Passenger cars - per thousand inhabitants,A,Annual,NR,Number,NL,Netherlands,1997,,379,,,,,
dataflow,ESTAT:ROAD_EQS_CARHAB(1.0),Passenger cars - per thousand inhabitants,A,Annual,NR,Number,NL,Netherlands,1998,,388,,,,,
dataflow,ESTAT:ROAD_EQS_CARHAB(1.0),Passenger cars - per thousand inhabitants,A,Annual,NR,Number,NL,Netherlands,1999,,400,,,,,
dataflow,ESTAT:ROAD_EQS_CARHAB(1.0),Passenger cars - per thousand inhabitants,A,Annual,NR,Number,NL,Netherlands,2000,,409,,,,,
dataflow,ESTAT:ROAD_EQS_CARHAB(1.0),Passenger cars - per thousand inhabitants,A,Annual,NR,Number,NL,Netherlands,2001,,417,,,,,
dataflow,ESTAT:ROAD_EQS_CARHAB(1.0),Passenger cars - per thousand inhabitants,A,Annual,NR,Number,NL,Netherlands,2002,,423,,,,,
dataflow,ESTAT:ROAD_EQS_CARHAB(1.0),Passenger cars - per thousand inhabitants,A,Annual,NR,Number,NL,Netherlands,2003,,425,,,,,
dataflow,ESTAT:ROAD_EQS_CARHAB(1.0),Passenger cars - per thousand inhabitants,A,Annual,NR,Number,NL,Netherlands,2004,,429,,,,,
dataflow,ESTAT:ROAD_EQS_CARHAB(1.0),Passenger cars - per thousand inhabitants,A,Annual,NR,Number,NL,Netherlands,2005,,434,,,,,
dataflow,ESTAT:ROAD_EQS_CARHAB(1.0),Passenger cars - per thousand inhabitants,A,Annual,NR,Number,NL,Netherlands,2006,,442,,,,,
dataflow,ESTAT:ROAD_EQS_CARHAB(1.0),Passenger cars - per thousand inhabitants,A,Annual,NR,Number,NL,Netherlands,2007,,451,,,,,
dataflow,ESTAT:ROAD_EQS_CARHAB(1.0),Passenger cars - per thousand inhabitants,A,Annual,NR,Number,NL,Netherlands,2008,,457,,,,,
dataflow,ESTAT:ROAD_EQS_CARHAB(1.0),Passenger cars - per thousand inhabitants,A,Annual,NR,Number,NL,Netherlands,2009,,460,,,,,
dataflow,ESTAT:ROAD_EQS_CARHAB(1.0),Passenger cars - per thousand inhabitants,A,Annual,NR,Number,NL,Netherlands,2010,,464,,,,,
dataflow,ESTAT:ROAD_EQS_CARHAB(1.0),Passenger cars - per thousand inhabitants,A,Annual,NR,Number,NL,Netherlands,2011,,470,,,,,
dataflow,ESTAT:ROAD_EQS_CARHAB(1.0),Passenger cars - per thousand inhabitants,A,Annual,NR,Number,NL,Netherlands,2012,,472,,,,,
dataflow,ESTAT:ROAD_EQS_CARHAB(1.0),Passenger cars - per thousand inhabitants,A,Annual,NR,Number,NL,Netherlands,2013,,471,,,,,
dataflow,ESTAT:ROAD_EQS_CARHAB(1.0),Passenger cars - per thousand inhabitants,A,Annual,NR,Number,NL,Netherlands,2014,,472,,,,,
dataflow,ESTAT:ROAD_EQS_CARHAB(1.0),Passenger cars - per thousand inhabitants,A,Annual,NR,Number,NL,Netherlands,2015,,477,,,,,
dataflow,ESTAT:ROAD_EQS_CARHAB(1.0),Passenger cars - per thousand inhabitants,A,Annual,NR,Number,NL,Netherlands,2016,,481,,,,,
dataflow,ESTAT:ROAD_EQS_CARHAB(1.0),Passenger cars - per thousand inhabitants,A,Annual,NR,Number,NL,Netherlands,2017,,487,,,,,
dataflow,ESTAT:ROAD_EQS_CARHAB(1.0),Passenger cars - per thousand inhabitants,A,Annual,NR,Number,NL,Netherlands,2018,,489,,,,,
dataflow,ESTAT:ROAD_EQS_CARHAB(1.0),Passenger cars - per thousand inhabitants,A,Annual,NR,Number,NL,Netherlands,2019,,493,,,,,
dataflow,ESTAT:ROAD_EQS_CARHAB(1.0),Passenger cars - per thousand inhabitants,A,Annual,NR,Number,NL,Netherlands,2020,,497,,,,,
dataflow,ESTAT:ROAD_EQS_CARHAB(1.0),Passenger cars - per thousand inhabitants,A,Annual,NR,Number,NL,Netherlands,2021,,502,,,,,
dataflow,ESTAT:ROAD_EQS_CARHAB(1.0),Passenger cars - per thousand inhabitants,A,Annual,NR,Number,NL,Netherlands,2022,,501,,,,,
dataflow,ESTAT:ROAD_EQS_CARHAB(1.0),Passenger cars - per thousand inhabitants,A,Annual,NR,Number,NL,Netherlands,2023,,505,,,,,
dataflow,ESTAT:ROAD_EQS_CARHAB(1.0),Passenger cars - per thousand inhabitants,A,Annual,NR,Number,NL,Netherlands,2024,,513,,,,,
dataflow,ESTAT:ROAD_EQS_CARHAB(1.0),Passenger cars - per thousand inhabitants,A,Annual,NR,Number,NO,Norway,1990,,380,,,,,
dataflow,ESTAT:ROAD_EQS_CARHAB(1.0),Passenger cars - per thousand inhabitants,A,Annual,NR,Number,NO,Norway,1991,,378,,,,,
dataflow,ESTAT:ROAD_EQS_CARHAB(1.0),Passenger cars - per thousand inhabitants,A,Annual,NR,Number,NO,Norway,1992,,377,,,,,
dataflow,ESTAT:ROAD_EQS_CARHAB(1.0),Passenger cars - per thousand inhabitants,A,Annual,NR,Number,NO,Norway,1993,,378,,,,,
dataflow,ESTAT:ROAD_EQS_CARHAB(1.0),Passenger cars - per thousand inhabitants,A,Annual,NR,Number,NO,Norway,1994,,380,,,,,
dataflow,ESTAT:ROAD_EQS_CARHAB(1.0),Passenger cars - per thousand inhabitants,A,Annual,NR,Number,NO,Norway,1995,,386,,,,,
dataflow,ESTAT:ROAD_EQS_CARHAB(1.0),Passenger cars - per thousand inhabitants,A,Annual,NR,Number,NO,Norway,1996,,378,,,,,
dataflow,ESTAT:ROAD_EQS_CARHAB(1.0),Passenger cars - per thousand inhabitants,A,Annual,NR,Number,NO,Norway,1997,,398,,,,,
dataflow,ESTAT:ROAD_EQS_CARHAB(1.0),Passenger cars - per thousand inhabitants,A,Annual,NR,Number,NO,Norway,1998,,402,,,,,
dataflow,ESTAT:ROAD_EQS_CARHAB(1.0),Passenger cars - per thousand inhabitants,A,Annual,NR,Number,NO,Norway,1999,,405,,,,,
dataflow,ESTAT:ROAD_EQS_CARHAB(1.0),Passenger cars - per thousand inhabitants,A,Annual,NR,Number,NO,Norway,2000,,411,,,,,
dataflow,ESTAT:ROAD_EQS_CARHAB(1.0),Passenger cars - per thousand inhabitants,A,Annual,NR,Number,NO,Norway,2004,,429,,,,,
dataflow,ESTAT:ROAD_EQS_CARHAB(1.0),Passenger cars - per thousand inhabitants,A,Annual,NR,Number,NO,Norway,2005,,437,,,,,
dataflow,ESTAT:ROAD_EQS_CARHAB(1.0),Passenger cars - per thousand inhabitants,A,Annual,NR,Number,NO,Norway,2006,,445,,,,,
dataflow,ESTAT:ROAD_EQS_CARHAB(1.0),Passenger cars - per thousand inhabitants,A,Annual,NR,Number,NO,Norway,2007,,455,,,,,
dataflow,ESTAT:ROAD_EQS_CARHAB(1.0),Passenger cars - per thousand inhabitants,A,Annual,NR,Number,NO,Norway,2008,,458,,,,,
dataflow,ESTAT:ROAD_EQS_CARHAB(1.0),Passenger cars - per thousand inhabitants,A,Annual,NR,Number,NO,Norway,2009,,462,,,,,
dataflow,ESTAT:ROAD_EQS_CARHAB(1.0),Passenger cars - per thousand inhabitants,A,Annual,NR,Number,NO,Norway,2010,,469,,,,,
dataflow,ESTAT:ROAD_EQS_CARHAB(1.0),Passenger cars - per thousand inhabitants,A,Annual,NR,Number,NO,Norway,2011,,477,,,,,
dataflow,ESTAT:ROAD_EQS_CARHAB(1.0),Passenger cars - per thousand inhabitants,A,Annual,NR,Number,NO,Norway,2012,,484,,,,,
dataflow,ESTAT:ROAD_EQS_CARHAB(1.0),Passenger cars - per thousand inhabitants,A,Annual,NR,Number,NO,Norway,2013,,489,,,,,
dataflow,ESTAT:ROAD_EQS_CARHAB(1.0),Passenger cars - per thousand inhabitants,A,Annual,NR,Number,NO,Norway,2014,,495,,,,,
dataflow,ESTAT:ROAD_EQS_CARHAB(1.0),Passenger cars - per thousand inhabitants,A,Annual,NR,Number,NO,Norway,2015,,501,,,,,
dataflow,ESTAT:ROAD_EQS_CARHAB(1.0),Passenger cars - per thousand inhabitants,A,Annual,NR,Number,NO,Norway,2016,,506,,,,,
dataflow,ESTAT:ROAD_EQS_CARHAB(1.0),Passenger cars - per thousand inhabitants,A,Annual,NR,Number,NO,Norway,2017,,514,,,,,
dataflow,ESTAT:ROAD_EQS_CARHAB(1.0),Passenger cars - per thousand inhabitants,A,Annual,NR,Number,NO,Norway,2018,,516,,,,,
dataflow,ESTAT:ROAD_EQS_CARHAB(1.0),Passenger cars - per thousand inhabitants,A,Annual,NR,Number,NO,Norway,2019,,522,,,,,
dataflow,ESTAT:ROAD_EQS_CARHAB(1.0),Passenger cars - per thousand inhabitants,A,Annual,NR,Number,NO,Norway,2020,,544,,,,,
dataflow,ESTAT:ROAD_EQS_CARHAB(1.0),Passenger cars - per thousand inhabitants,A,Annual,NR,Number,NO,Norway,2021,,554,,,,,
dataflow,ESTAT:ROAD_EQS_CARHAB(1.0),Passenger cars - per thousand inhabitants,A,Annual,NR,Number,NO,Norway,2022,,550,,,,,
dataflow,ESTAT:ROAD_EQS_CARHAB(1.0),Passenger cars - per thousand inhabitants,A,Annual,NR,Number,NO,Norway,2023,,521,,,,,
dataflow,ESTAT:ROAD_EQS_CARHAB(1.0),Passenger cars - per thousand inhabitants,A,Annual,NR,Number,NO,Norway,2024,,517,,,,,
dataflow,ESTAT:ROAD_EQS_CARHAB(1.0),Passenger cars - per thousand inhabitants,A,Annual,NR,Number,PL,Poland,1990,,138,,,,,
dataflow,ESTAT:ROAD_EQS_CARHAB(1.0),Passenger cars - per thousand inhabitants,A,Annual,NR,Number,PL,Poland,1991,,160,,,,,
dataflow,ESTAT:ROAD_EQS_CARHAB(1.0),Passenger cars - per thousand inhabitants,A,Annual,NR,Number,PL,Poland,1992,,169,,,,,
dataflow,ESTAT:ROAD_EQS_CARHAB(1.0),Passenger cars - per thousand inhabitants,A,Annual,NR,Number,PL,Poland,1993,,176,,,,,
dataflow,ESTAT:ROAD_EQS_CARHAB(1.0),Passenger cars - per thousand inhabitants,A,Annual,NR,Number,PL,Poland,1994,,185,,,,,
dataflow,ESTAT:ROAD_EQS_CARHAB(1.0),Passenger cars - per thousand inhabitants,A,Annual,NR,Number,PL,Poland,1995,,195,,,,,
dataflow,ESTAT:ROAD_EQS_CARHAB(1.0),Passenger cars - per thousand inhabitants,A,Annual,NR,Number,PL,Poland,1996,,208,,,,,
dataflow,ESTAT:ROAD_EQS_CARHAB(1.0),Passenger cars - per thousand inhabitants,A,Annual,NR,Number,PL,Poland,1997,,221,,,,,
dataflow,ESTAT:ROAD_EQS_CARHAB(1.0),Passenger cars - per thousand inhabitants,A,Annual,NR,Number,PL,Poland,1998,,230,,,,,
dataflow,ESTAT:ROAD_EQS_CARHAB(1.0),Passenger cars - per thousand inhabitants,A,Annual,NR,Number,PL,Poland,1999,,243,,,,,
dataflow,ESTAT:ROAD_EQS_CARHAB(1.0),Passenger cars - per thousand inhabitants,A,Annual,NR,Number,PL,Poland,2000,,261,,,,,
dataflow,ESTAT:ROAD_EQS_CARHAB(1.0),Passenger cars - per thousand inhabitants,A,Annual,NR,Number,PL,Poland,2001,,275,,,,,
dataflow,ESTAT:ROAD_EQS_CARHAB(1.0),Passenger cars - per thousand inhabitants,A,Annual,NR,Number,PL,Poland,2002,,289,,,,,
dataflow,ESTAT:ROAD_EQS_CARHAB(1.0),Passenger cars - per thousand inhabitants,A,Annual,NR,Number,PL,Poland,2003,,294,,,,,
dataflow,ESTAT:ROAD_EQS_CARHAB(1.0),Passenger cars - per thousand inhabitants,A,Annual,NR,Number,PL,Poland,2004,,314,,,,,
dataflow,ESTAT:ROAD_EQS_CARHAB(1.0),Passenger cars - per thousand inhabitants,A,Annual,NR,Number,PL,Poland,2005,,323,,,,,
dataflow,ESTAT:ROAD_EQS_CARHAB(1.0),Passenger cars - per thousand inhabitants,A,Annual,NR,Number,PL,Poland,2006,,351,,,,,
dataflow,ESTAT:ROAD_EQS_CARHAB(1.0),Passenger cars - per thousand inhabitants,A,Annual,NR,Number,PL,Poland,2007,,383,,,,,
dataflow,ESTAT:ROAD_EQS_CARHAB(1.0),Passenger cars - per thousand inhabitants,A,Annual,NR,Number,PL,Poland,2008,,422,,,,,
dataflow,ESTAT:ROAD_EQS_CARHAB(1.0),Passenger cars - per thousand inhabitants,A,Annual,NR,Number,PL,Poland,2009,,434,,b,break in time series,,
dataflow,ESTAT:ROAD_EQS_CARHAB(1.0),Passenger cars - per thousand inhabitants,A,Annual,NR,Number,PL,Poland,2010,,453,,,,,
dataflow,ESTAT:ROAD_EQS_CARHAB(1.0),Passenger cars - per thousand inhabitants,A,Annual,NR,Number,PL,Poland,2011,,476,,,,,
dataflow,ESTAT:ROAD_EQS_CARHAB(1.0),Passenger cars - per thousand inhabitants,A,Annual,NR,Number,PL,Poland,2012,,492,,,,,
dataflow,ESTAT:ROAD_EQS_CARHAB(1.0),Passenger cars - per thousand inhabitants,A,Annual,NR,Number,PL,Poland,2013,,510,,,,,
dataflow,ESTAT:ROAD_EQS_CARHAB(1.0),Passenger cars - per thousand inhabitants,A,Annual,NR,Number,PL,Poland,2014,,526,,,,,
dataflow,ESTAT:ROAD_EQS_CARHAB(1.0),Passenger cars - per thousand inhabitants,A,Annual,NR,Number,PL,Poland,2015,,474,,b,break in time series,,
dataflow,ESTAT:ROAD_EQS_CARHAB(1.0),Passenger cars - per thousand inhabitants,A,Annual,NR,Number,PL,Poland,2016,,493,,i,value imputed by Eurostat or other receiving agencies,,
dataflow,ESTAT:ROAD_EQS_CARHAB(1.0),Passenger cars - per thousand inhabitants,A,Annual,NR,Number,PL,Poland,2017,,507,,i,value imputed by Eurostat or other receiving agencies,,
dataflow,ESTAT:ROAD_EQS_CARHAB(1.0),Passenger cars - per thousand inhabitants,A,Annual,NR,Number,PL,Poland,2018,,524,,i,value imputed by Eurostat or other receiving agencies,,
dataflow,ESTAT:ROAD_EQS_CARHAB(1.0),Passenger cars - per thousand inhabitants,A,Annual,NR,Number,PL,Poland,2019,,541,,i,value imputed by Eurostat or other receiving agencies,,
dataflow,ESTAT:ROAD_EQS_CARHAB(1.0),Passenger cars - per thousand inhabitants,A,Annual,NR,Number,PL,Poland,2020,,566,,bi,"break in time series, value imputed by Eurostat or other receiving agencies",,
dataflow,ESTAT:ROAD_EQS_CARHAB(1.0),Passenger cars - per thousand inhabitants,A,Annual,NR,Number,PL,Poland,2021,,579,,i,value imputed by Eurostat or other receiving agencies,,
dataflow,ESTAT:ROAD_EQS_CARHAB(1.0),Passenger cars - per thousand inhabitants,A,Annual,NR,Number,PL,Poland,2022,,584,,i,value imputed by Eurostat or other receiving agencies,,
dataflow,ESTAT:ROAD_EQS_CARHAB(1.0),Passenger cars - per thousand inhabitants,A,Annual,NR,Number,PL,Poland,2023,,595,,,,,
dataflow,ESTAT:ROAD_EQS_CARHAB(1.0),Passenger cars - per thousand inhabitants,A,Annual,NR,Number,PL,Poland,2024,,629,,b,break in time series,,
dataflow,ESTAT:ROAD_EQS_CARHAB(1.0),Passenger cars - per thousand inhabitants,A,Annual,NR,Number,PT,Portugal,1990,,256,,,,,
dataflow,ESTAT:ROAD_EQS_CARHAB(1.0),Passenger cars - per thousand inhabitants,A,Annual,NR,Number,PT,Portugal,1991,,279,,,,,
dataflow,ESTAT:ROAD_EQS_CARHAB(1.0),Passenger cars - per thousand inhabitants,A,Annual,NR,Number,PT,Portugal,1992,,306,,,,,
dataflow,ESTAT:ROAD_EQS_CARHAB(1.0),Passenger cars - per thousand inhabitants,A,Annual,NR,Number,PT,Portugal,1993,,330,,,,,
dataflow,ESTAT:ROAD_EQS_CARHAB(1.0),Passenger cars - per thousand inhabitants,A,Annual,NR,Number,PT,Portugal,1994,,353,,,,,
dataflow,ESTAT:ROAD_EQS_CARHAB(1.0),Passenger cars - per thousand inhabitants,A,Annual,NR,Number,PT,Portugal,1995,,373,,,,,
dataflow,ESTAT:ROAD_EQS_CARHAB(1.0),Passenger cars - per thousand inhabitants,A,Annual,NR,Number,PT,Portugal,1996,,397,,,,,
dataflow,ESTAT:ROAD_EQS_CARHAB(1.0),Passenger cars - per thousand inhabitants,A,Annual,NR,Number,PT,Portugal,1997,,422,,,,,
dataflow,ESTAT:ROAD_EQS_CARHAB(1.0),Passenger cars - per thousand inhabitants,A,Annual,NR,Number,PT,Portugal,1998,,450,,,,,
dataflow,ESTAT:ROAD_EQS_CARHAB(1.0),Passenger cars - per thousand inhabitants,A,Annual,NR,Number,PT,Portugal,1999,,481,,,,,
dataflow,ESTAT:ROAD_EQS_CARHAB(1.0),Passenger cars - per thousand inhabitants,A,Annual,NR,Number,PT,Portugal,2000,,509,,,,,
dataflow,ESTAT:ROAD_EQS_CARHAB(1.0),Passenger cars - per thousand inhabitants,A,Annual,NR,Number,PT,Portugal,2001,,533,,,,,
dataflow,ESTAT:ROAD_EQS_CARHAB(1.0),Passenger cars - per thousand inhabitants,A,Annual,NR,Number,PT,Portugal,2002,,554,,,,,
dataflow,ESTAT:ROAD_EQS_CARHAB(1.0),Passenger cars - per thousand inhabitants,A,Annual,NR,Number,PT,Portugal,2010,,444,,,,,
dataflow,ESTAT:ROAD_EQS_CARHAB(1.0),Passenger cars - per thousand inhabitants,A,Annual,NR,Number,PT,Portugal,2011,,447,,,,,
dataflow,ESTAT:ROAD_EQS_CARHAB(1.0),Passenger cars - per thousand inhabitants,A,Annual,NR,Number,PT,Portugal,2012,,406,,,,,
dataflow,ESTAT:ROAD_EQS_CARHAB(1.0),Passenger cars - per thousand inhabitants,A,Annual,NR,Number,PT,Portugal,2013,,414,,,,,
dataflow,ESTAT:ROAD_EQS_CARHAB(1.0),Passenger cars - per thousand inhabitants,A,Annual,NR,Number,PT,Portugal,2014,,452,,,,,
dataflow,ESTAT:ROAD_EQS_CARHAB(1.0),Passenger cars - per thousand inhabitants,A,Annual,NR,Number,PT,Portugal,2015,,456,,,,,
dataflow,ESTAT:ROAD_EQS_CARHAB(1.0),Passenger cars - per thousand inhabitants,A,Annual,NR,Number,PT,Portugal,2016,,469,,,,,
dataflow,ESTAT:ROAD_EQS_CARHAB(1.0),Passenger cars - per thousand inhabitants,A,Annual,NR,Number,PT,Portugal,2017,,490,,,,,
dataflow,ESTAT:ROAD_EQS_CARHAB(1.0),Passenger cars - per thousand inhabitants,A,Annual,NR,Number,PT,Portugal,2018,,511,,,,,
dataflow,ESTAT:ROAD_EQS_CARHAB(1.0),Passenger cars - per thousand inhabitants,A,Annual,NR,Number,PT,Portugal,2019,,525,,,,,
dataflow,ESTAT:ROAD_EQS_CARHAB(1.0),Passenger cars - per thousand inhabitants,A,Annual,NR,Number,PT,Portugal,2020,,535,,,,,
dataflow,ESTAT:ROAD_EQS_CARHAB(1.0),Passenger cars - per thousand inhabitants,A,Annual,NR,Number,PT,Portugal,2021,,541,,,,,
dataflow,ESTAT:ROAD_EQS_CARHAB(1.0),Passenger cars - per thousand inhabitants,A,Annual,NR,Number,PT,Portugal,2022,,549,,,,,
dataflow,ESTAT:ROAD_EQS_CARHAB(1.0),Passenger cars - per thousand inhabitants,A,Annual,NR,Number,PT,Portugal,2023,,550,,,,,
dataflow,ESTAT:ROAD_EQS_CARHAB(1.0),Passenger cars - per thousand inhabitants,A,Annual,NR,Number,PT,Portugal,2024,,571,,,,,
dataflow,ESTAT:ROAD_EQS_CARHAB(1.0),Passenger cars - per thousand inhabitants,A,Annual,NR,Number,RO,Romania,1990,,54,,,,,
dataflow,ESTAT:ROAD_EQS_CARHAB(1.0),Passenger cars - per thousand inhabitants,A,Annual,NR,Number,RO,Romania,1991,,63,,,,,
dataflow,ESTAT:ROAD_EQS_CARHAB(1.0),Passenger cars - per thousand inhabitants,A,Annual,NR,Number,RO,Romania,1992,,70,,,,,
dataflow,ESTAT:ROAD_EQS_CARHAB(1.0),Passenger cars - per thousand inhabitants,A,Annual,NR,Number,RO,Romania,1993,,79,,,,,
dataflow,ESTAT:ROAD_EQS_CARHAB(1.0),Passenger cars - per thousand inhabitants,A,Annual,NR,Number,RO,Romania,1994,,89,,,,,
dataflow,ESTAT:ROAD_EQS_CARHAB(1.0),Passenger cars - per thousand inhabitants,A,Annual,NR,Number,RO,Romania,1995,,97,,,,,
dataflow,ESTAT:ROAD_EQS_CARHAB(1.0),Passenger cars - per thousand inhabitants,A,Annual,NR,Number,RO,Romania,1996,,106,,,,,
dataflow,ESTAT:ROAD_EQS_CARHAB(1.0),Passenger cars - per thousand inhabitants,A,Annual,NR,Number,RO,Romania,1997,,116,,,,,
dataflow,ESTAT:ROAD_EQS_CARHAB(1.0),Passenger cars - per thousand inhabitants,A,Annual,NR,Number,RO,Romania,1998,,125,,,,,
dataflow,ESTAT:ROAD_EQS_CARHAB(1.0),Passenger cars - per thousand inhabitants,A,Annual,NR,Number,RO,Romania,1999,,133,,,,,
dataflow,ESTAT:ROAD_EQS_CARHAB(1.0),Passenger cars - per thousand inhabitants,A,Annual,NR,Number,RO,Romania,2000,,139,,,,,
dataflow,ESTAT:ROAD_EQS_CARHAB(1.0),Passenger cars - per thousand inhabitants,A,Annual,NR,Number,RO,Romania,2001,,148,,,,,
dataflow,ESTAT:ROAD_EQS_CARHAB(1.0),Passenger cars - per thousand inhabitants,A,Annual,NR,Number,RO,Romania,2002,,137,,,,,
dataflow,ESTAT:ROAD_EQS_CARHAB(1.0),Passenger cars - per thousand inhabitants,A,Annual,NR,Number,RO,Romania,2004,,151,,,,,
dataflow,ESTAT:ROAD_EQS_CARHAB(1.0),Passenger cars - per thousand inhabitants,A,Annual,NR,Number,RO,Romania,2005,,158,,,,,
dataflow,ESTAT:ROAD_EQS_CARHAB(1.0),Passenger cars - per thousand inhabitants,A,Annual,NR,Number,RO,Romania,2006,,152,,,,,
dataflow,ESTAT:ROAD_EQS_CARHAB(1.0),Passenger cars - per thousand inhabitants,A,Annual,NR,Number,RO,Romania,2007,,172,,,,,
dataflow,ESTAT:ROAD_EQS_CARHAB(1.0),Passenger cars - per thousand inhabitants,A,Annual,NR,Number,RO,Romania,2008,,197,,,,,
dataflow,ESTAT:ROAD_EQS_CARHAB(1.0),Passenger cars - per thousand inhabitants,A,Annual,NR,Number,RO,Romania,2009,,209,,,,,
dataflow,ESTAT:ROAD_EQS_CARHAB(1.0),Passenger cars - per thousand inhabitants,A,Annual,NR,Number,RO,Romania,2010,,214,,,,,
dataflow,ESTAT:ROAD_EQS_CARHAB(1.0),Passenger cars - per thousand inhabitants,A,Annual,NR,Number,RO,Romania,2011,,216,,,,,
dataflow,ESTAT:ROAD_EQS_CARHAB(1.0),Passenger cars - per thousand inhabitants,A,Annual,NR,Number,RO,Romania,2012,,224,,,,,
dataflow,ESTAT:ROAD_EQS_CARHAB(1.0),Passenger cars - per thousand inhabitants,A,Annual,NR,Number,RO,Romania,2013,,235,,,,,
dataflow,ESTAT:ROAD_EQS_CARHAB(1.0),Passenger cars - per thousand inhabitants,A,Annual,NR,Number,RO,Romania,2014,,247,,,,,
dataflow,ESTAT:ROAD_EQS_CARHAB(1.0),Passenger cars - per thousand inhabitants,A,Annual,NR,Number,RO,Romania,2015,,261,,,,,
dataflow,ESTAT:ROAD_EQS_CARHAB(1.0),Passenger cars - per thousand inhabitants,A,Annual,NR,Number,RO,Romania,2016,,279,,,,,
dataflow,ESTAT:ROAD_EQS_CARHAB(1.0),Passenger cars - per thousand inhabitants,A,Annual,NR,Number,RO,Romania,2017,,307,,,,,
dataflow,ESTAT:ROAD_EQS_CARHAB(1.0),Passenger cars - per thousand inhabitants,A,Annual,NR,Number,RO,Romania,2018,,332,,,,,
dataflow,ESTAT:ROAD_EQS_CARHAB(1.0),Passenger cars - per thousand inhabitants,A,Annual,NR,Number,RO,Romania,2019,,357,,e,estimated,,
dataflow,ESTAT:ROAD_EQS_CARHAB(1.0),Passenger cars - per thousand inhabitants,A,Annual,NR,Number,RO,Romania,2020,,379,,,,,
dataflow,ESTAT:ROAD_EQS_CARHAB(1.0),Passenger cars - per thousand inhabitants,A,Annual,NR,Number,RO,Romania,2021,,400,,e,estimated,,
dataflow,ESTAT:ROAD_EQS_CARHAB(1.0),Passenger cars - per thousand inhabitants,A,Annual,NR,Number,RO,Romania,2022,,413,,e,estimated,,
dataflow,ESTAT:ROAD_EQS_CARHAB(1.0),Passenger cars - per thousand inhabitants,A,Annual,NR,Number,RO,Romania,2023,,425,,e,estimated,,
dataflow,ESTAT:ROAD_EQS_CARHAB(1.0),Passenger cars - per thousand inhabitants,A,Annual,NR,Number,RO,Romania,2024,,444,,e,estimated,,
dataflow,ESTAT:ROAD_EQS_CARHAB(1.0),Passenger cars - per thousand inhabitants,A,Annual,NR,Number,RS,Serbia,2006,,204,,,,,
dataflow,ESTAT:ROAD_EQS_CARHAB(1.0),Passenger cars - per thousand inhabitants,A,Annual,NR,Number,RS,Serbia,2007,,201,,,,,
dataflow,ESTAT:ROAD_EQS_CARHAB(1.0),Passenger cars - per thousand inhabitants,A,Annual,NR,Number,RS,Serbia,2008,,203,,,,,
dataflow,ESTAT:ROAD_EQS_CARHAB(1.0),Passenger cars - per thousand inhabitants,A,Annual,NR,Number,RS,Serbia,2009,,225,,,,,
dataflow,ESTAT:ROAD_EQS_CARHAB(1.0),Passenger cars - per thousand inhabitants,A,Annual,NR,Number,RS,Serbia,2010,,216,,b,break in time series,,
dataflow,ESTAT:ROAD_EQS_CARHAB(1.0),Passenger cars - per thousand inhabitants,A,Annual,NR,Number,RS,Serbia,2015,,259,,,,,
dataflow,ESTAT:ROAD_EQS_CARHAB(1.0),Passenger cars - per thousand inhabitants,A,Annual,NR,Number,RS,Serbia,2016,,268,,,,,
dataflow,ESTAT:ROAD_EQS_CARHAB(1.0),Passenger cars - per thousand inhabitants,A,Annual,NR,Number,RS,Serbia,2017,,281,,,,,
dataflow,ESTAT:ROAD_EQS_CARHAB(1.0),Passenger cars - per thousand inhabitants,A,Annual,NR,Number,RS,Serbia,2018,,287,,,,,
dataflow,ESTAT:ROAD_EQS_CARHAB(1.0),Passenger cars - per thousand inhabitants,A,Annual,NR,Number,RS,Serbia,2019,,301,,,,,
dataflow,ESTAT:ROAD_EQS_CARHAB(1.0),Passenger cars - per thousand inhabitants,A,Annual,NR,Number,RS,Serbia,2020,,315,,,,,
dataflow,ESTAT:ROAD_EQS_CARHAB(1.0),Passenger cars - per thousand inhabitants,A,Annual,NR,Number,RS,Serbia,2021,,329,,,,,
dataflow,ESTAT:ROAD_EQS_CARHAB(1.0),Passenger cars - per thousand inhabitants,A,Annual,NR,Number,RS,Serbia,2022,,352,,,,,
dataflow,ESTAT:ROAD_EQS_CARHAB(1.0),Passenger cars - per thousand inhabitants,A,Annual,NR,Number,RS,Serbia,2023,,362,,,,,
dataflow,ESTAT:ROAD_EQS_CARHAB(1.0),Passenger cars - per thousand inhabitants,A,Annual,NR,Number,RS,Serbia,2024,,377,,,,,
dataflow,ESTAT:ROAD_EQS_CARHAB(1.0),Passenger cars - per thousand inhabitants,A,Annual,NR,Number,SE,Sweden,1990,,419,,,,,
dataflow,ESTAT:ROAD_EQS_CARHAB(1.0),Passenger cars - per thousand inhabitants,A,Annual,NR,Number,SE,Sweden,1991,,419,,,,,
dataflow,ESTAT:ROAD_EQS_CARHAB(1.0),Passenger cars - per thousand inhabitants,A,Annual,NR,Number,SE,Sweden,1992,,413,,,,,
dataflow,ESTAT:ROAD_EQS_CARHAB(1.0),Passenger cars - per thousand inhabitants,A,Annual,NR,Number,SE,Sweden,1993,,408,,,,,
dataflow,ESTAT:ROAD_EQS_CARHAB(1.0),Passenger cars - per thousand inhabitants,A,Annual,NR,Number,SE,Sweden,1994,,408,,,,,
dataflow,ESTAT:ROAD_EQS_CARHAB(1.0),Passenger cars - per thousand inhabitants,A,Annual,NR,Number,SE,Sweden,1995,,411,,,,,
dataflow,ESTAT:ROAD_EQS_CARHAB(1.0),Passenger cars - per thousand inhabitants,A,Annual,NR,Number,SE,Sweden,1996,,413,,,,,
dataflow,ESTAT:ROAD_EQS_CARHAB(1.0),Passenger cars - per thousand inhabitants,A,Annual,NR,Number,SE,Sweden,1997,,418,,,,,
dataflow,ESTAT:ROAD_EQS_CARHAB(1.0),Passenger cars - per thousand inhabitants,A,Annual,NR,Number,SE,Sweden,1998,,428,,,,,
dataflow,ESTAT:ROAD_EQS_CARHAB(1.0),Passenger cars - per thousand inhabitants,A,Annual,NR,Number,SE,Sweden,1999,,439,,,,,
dataflow,ESTAT:ROAD_EQS_CARHAB(1.0),Passenger cars - per thousand inhabitants,A,Annual,NR,Number,SE,Sweden,2000,,450,,,,,
dataflow,ESTAT:ROAD_EQS_CARHAB(1.0),Passenger cars - per thousand inhabitants,A,Annual,NR,Number,SE,Sweden,2001,,451,,,,,
dataflow,ESTAT:ROAD_EQS_CARHAB(1.0),Passenger cars - per thousand inhabitants,A,Annual,NR,Number,SE,Sweden,2002,,452,,,,,
dataflow,ESTAT:ROAD_EQS_CARHAB(1.0),Passenger cars - per thousand inhabitants,A,Annual,NR,Number,SE,Sweden,2003,,454,,,,,
dataflow,ESTAT:ROAD_EQS_CARHAB(1.0),Passenger cars - per thousand inhabitants,A,Annual,NR,Number,SE,Sweden,2004,,456,,,,,
dataflow,ESTAT:ROAD_EQS_CARHAB(1.0),Passenger cars - per thousand inhabitants,A,Annual,NR,Number,SE,Sweden,2005,,459,,,,,
dataflow,ESTAT:ROAD_EQS_CARHAB(1.0),Passenger cars - per thousand inhabitants,A,Annual,NR,Number,SE,Sweden,2006,,461,,,,,
dataflow,ESTAT:ROAD_EQS_CARHAB(1.0),Passenger cars - per thousand inhabitants,A,Annual,NR,Number,SE,Sweden,2007,,464,,,,,
dataflow,ESTAT:ROAD_EQS_CARHAB(1.0),Passenger cars - per thousand inhabitants,A,Annual,NR,Number,SE,Sweden,2008,,462,,,,,
dataflow,ESTAT:ROAD_EQS_CARHAB(1.0),Passenger cars - per thousand inhabitants,A,Annual,NR,Number,SE,Sweden,2009,,460,,,,,
dataflow,ESTAT:ROAD_EQS_CARHAB(1.0),Passenger cars - per thousand inhabitants,A,Annual,NR,Number,SE,Sweden,2010,,460,,,,,
dataflow,ESTAT:ROAD_EQS_CARHAB(1.0),Passenger cars - per thousand inhabitants,A,Annual,NR,Number,SE,Sweden,2011,,464,,,,,
dataflow,ESTAT:ROAD_EQS_CARHAB(1.0),Passenger cars - per thousand inhabitants,A,Annual,NR,Number,SE,Sweden,2012,,465,,,,,
dataflow,ESTAT:ROAD_EQS_CARHAB(1.0),Passenger cars - per thousand inhabitants,A,Annual,NR,Number,SE,Sweden,2013,,466,,,,,
dataflow,ESTAT:ROAD_EQS_CARHAB(1.0),Passenger cars - per thousand inhabitants,A,Annual,NR,Number,SE,Sweden,2014,,470,,,,,
dataflow,ESTAT:ROAD_EQS_CARHAB(1.0),Passenger cars - per thousand inhabitants,A,Annual,NR,Number,SE,Sweden,2015,,474,,,,,
dataflow,ESTAT:ROAD_EQS_CARHAB(1.0),Passenger cars - per thousand inhabitants,A,Annual,NR,Number,SE,Sweden,2016,,477,,,,,
dataflow,ESTAT:ROAD_EQS_CARHAB(1.0),Passenger cars - per thousand inhabitants,A,Annual,NR,Number,SE,Sweden,2017,,479,,,,,
dataflow,ESTAT:ROAD_EQS_CARHAB(1.0),Passenger cars - per thousand inhabitants,A,Annual,NR,Number,SE,Sweden,2018,,476,,,,,
dataflow,ESTAT:ROAD_EQS_CARHAB(1.0),Passenger cars - per thousand inhabitants,A,Annual,NR,Number,SE,Sweden,2019,,473,,,,,
dataflow,ESTAT:ROAD_EQS_CARHAB(1.0),Passenger cars - per thousand inhabitants,A,Annual,NR,Number,SE,Sweden,2020,,476,,,,,
dataflow,ESTAT:ROAD_EQS_CARHAB(1.0),Passenger cars - per thousand inhabitants,A,Annual,NR,Number,SE,Sweden,2021,,477,,,,,
dataflow,ESTAT:ROAD_EQS_CARHAB(1.0),Passenger cars - per thousand inhabitants,A,Annual,NR,Number,SE,Sweden,2022,,473,,,,,
dataflow,ESTAT:ROAD_EQS_CARHAB(1.0),Passenger cars - per thousand inhabitants,A,Annual,NR,Number,SE,Sweden,2023,,472,,,,,
dataflow,ESTAT:ROAD_EQS_CARHAB(1.0),Passenger cars - per thousand inhabitants,A,Annual,NR,Number,SE,Sweden,2024,,470,,,,,
dataflow,ESTAT:ROAD_EQS_CARHAB(1.0),Passenger cars - per thousand inhabitants,A,Annual,NR,Number,SI,Slovenia,1990,,289,,,,,
dataflow,ESTAT:ROAD_EQS_CARHAB(1.0),Passenger cars - per thousand inhabitants,A,Annual,NR,Number,SI,Slovenia,1991,,297,,,,,
dataflow,ESTAT:ROAD_EQS_CARHAB(1.0),Passenger cars - per thousand inhabitants,A,Annual,NR,Number,SI,Slovenia,1992,,304,,,,,
dataflow,ESTAT:ROAD_EQS_CARHAB(1.0),Passenger cars - per thousand inhabitants,A,Annual,NR,Number,SI,Slovenia,1993,,318,,,,,
dataflow,ESTAT:ROAD_EQS_CARHAB(1.0),Passenger cars - per thousand inhabitants,A,Annual,NR,Number,SI,Slovenia,1994,,330,,,,,
dataflow,ESTAT:ROAD_EQS_CARHAB(1.0),Passenger cars - per thousand inhabitants,A,Annual,NR,Number,SI,Slovenia,1995,,351,,,,,
dataflow,ESTAT:ROAD_EQS_CARHAB(1.0),Passenger cars - per thousand inhabitants,A,Annual,NR,Number,SI,Slovenia,1996,,366,,,,,
dataflow,ESTAT:ROAD_EQS_CARHAB(1.0),Passenger cars - per thousand inhabitants,A,Annual,NR,Number,SI,Slovenia,1997,,392,,,,,
dataflow,ESTAT:ROAD_EQS_CARHAB(1.0),Passenger cars - per thousand inhabitants,A,Annual,NR,Number,SI,Slovenia,1998,,411,,,,,
dataflow,ESTAT:ROAD_EQS_CARHAB(1.0),Passenger cars - per thousand inhabitants,A,Annual,NR,Number,SI,Slovenia,1999,,427,,,,,
dataflow,ESTAT:ROAD_EQS_CARHAB(1.0),Passenger cars - per thousand inhabitants,A,Annual,NR,Number,SI,Slovenia,2000,,437,,,,,
dataflow,ESTAT:ROAD_EQS_CARHAB(1.0),Passenger cars - per thousand inhabitants,A,Annual,NR,Number,SI,Slovenia,2001,,444,,,,,
dataflow,ESTAT:ROAD_EQS_CARHAB(1.0),Passenger cars - per thousand inhabitants,A,Annual,NR,Number,SI,Slovenia,2002,,458,,,,,
dataflow,ESTAT:ROAD_EQS_CARHAB(1.0),Passenger cars - per thousand inhabitants,A,Annual,NR,Number,SI,Slovenia,2003,,446,,,,,
dataflow,ESTAT:ROAD_EQS_CARHAB(1.0),Passenger cars - per thousand inhabitants,A,Annual,NR,Number,SI,Slovenia,2004,,456,,,,,
dataflow,ESTAT:ROAD_EQS_CARHAB(1.0),Passenger cars - per thousand inhabitants,A,Annual,NR,Number,SI,Slovenia,2005,,479,,,,,
dataflow,ESTAT:ROAD_EQS_CARHAB(1.0),Passenger cars - per thousand inhabitants,A,Annual,NR,Number,SI,Slovenia,2006,,487,,,,,
dataflow,ESTAT:ROAD_EQS_CARHAB(1.0),Passenger cars - per thousand inhabitants,A,Annual,NR,Number,SI,Slovenia,2007,,504,,,,,
dataflow,ESTAT:ROAD_EQS_CARHAB(1.0),Passenger cars - per thousand inhabitants,A,Annual,NR,Number,SI,Slovenia,2008,,514,,,,,
dataflow,ESTAT:ROAD_EQS_CARHAB(1.0),Passenger cars - per thousand inhabitants,A,Annual,NR,Number,SI,Slovenia,2009,,517,,,,,
dataflow,ESTAT:ROAD_EQS_CARHAB(1.0),Passenger cars - per thousand inhabitants,A,Annual,NR,Number,SI,Slovenia,2010,,518,,,,,
dataflow,ESTAT:ROAD_EQS_CARHAB(1.0),Passenger cars - per thousand inhabitants,A,Annual,NR,Number,SI,Slovenia,2011,,519,,,,,
dataflow,ESTAT:ROAD_EQS_CARHAB(1.0),Passenger cars - per thousand inhabitants,A,Annual,NR,Number,SI,Slovenia,2012,,518,,,,,
dataflow,ESTAT:ROAD_EQS_CARHAB(1.0),Passenger cars - per thousand inhabitants,A,Annual,NR,Number,SI,Slovenia,2013,,518,,,,,
dataflow,ESTAT:ROAD_EQS_CARHAB(1.0),Passenger cars - per thousand inhabitants,A,Annual,NR,Number,SI,Slovenia,2014,,518,,,,,
dataflow,ESTAT:ROAD_EQS_CARHAB(1.0),Passenger cars - per thousand inhabitants,A,Annual,NR,Number,SI,Slovenia,2015,,523,,,,,
dataflow,ESTAT:ROAD_EQS_CARHAB(1.0),Passenger cars - per thousand inhabitants,A,Annual,NR,Number,SI,Slovenia,2016,,531,,,,,
dataflow,ESTAT:ROAD_EQS_CARHAB(1.0),Passenger cars - per thousand inhabitants,A,Annual,NR,Number,SI,Slovenia,2017,,541,,,,,
dataflow,ESTAT:ROAD_EQS_CARHAB(1.0),Passenger cars - per thousand inhabitants,A,Annual,NR,Number,SI,Slovenia,2018,,549,,,,,
dataflow,ESTAT:ROAD_EQS_CARHAB(1.0),Passenger cars - per thousand inhabitants,A,Annual,NR,Number,SI,Slovenia,2019,,556,,,,,
dataflow,ESTAT:ROAD_EQS_CARHAB(1.0),Passenger cars - per thousand inhabitants,A,Annual,NR,Number,SI,Slovenia,2020,,555,,,,,
dataflow,ESTAT:ROAD_EQS_CARHAB(1.0),Passenger cars - per thousand inhabitants,A,Annual,NR,Number,SI,Slovenia,2021,,564,,,,,
dataflow,ESTAT:ROAD_EQS_CARHAB(1.0),Passenger cars - per thousand inhabitants,A,Annual,NR,Number,SI,Slovenia,2022,,571,,,,,
dataflow,ESTAT:ROAD_EQS_CARHAB(1.0),Passenger cars - per thousand inhabitants,A,Annual,NR,Number,SI,Slovenia,2023,,579,,,,,
dataflow,ESTAT:ROAD_EQS_CARHAB(1.0),Passenger cars - per thousand inhabitants,A,Annual,NR,Number,SI,Slovenia,2024,,587,,,,,
dataflow,ESTAT:ROAD_EQS_CARHAB(1.0),Passenger cars - per thousand inhabitants,A,Annual,NR,Number,SK,Slovakia,1990,,240,,,,,
dataflow,ESTAT:ROAD_EQS_CARHAB(1.0),Passenger cars - per thousand inhabitants,A,Annual,NR,Number,SK,Slovakia,1991,,171,,,,,
dataflow,ESTAT:ROAD_EQS_CARHAB(1.0),Passenger cars - per thousand inhabitants,A,Annual,NR,Number,SK,Slovakia,1992,,179,,,,,
dataflow,ESTAT:ROAD_EQS_CARHAB(1.0),Passenger cars - per thousand inhabitants,A,Annual,NR,Number,SK,Slovakia,1993,,186,,,,,
dataflow,ESTAT:ROAD_EQS_CARHAB(1.0),Passenger cars - per thousand inhabitants,A,Annual,NR,Number,SK,Slovakia,1994,,186,,,,,
dataflow,ESTAT:ROAD_EQS_CARHAB(1.0),Passenger cars - per thousand inhabitants,A,Annual,NR,Number,SK,Slovakia,1995,,189,,,,,
dataflow,ESTAT:ROAD_EQS_CARHAB(1.0),Passenger cars - per thousand inhabitants,A,Annual,NR,Number,SK,Slovakia,1996,,197,,,,,
dataflow,ESTAT:ROAD_EQS_CARHAB(1.0),Passenger cars - per thousand inhabitants,A,Annual,NR,Number,SK,Slovakia,1997,,211,,,,,
dataflow,ESTAT:ROAD_EQS_CARHAB(1.0),Passenger cars - per thousand inhabitants,A,Annual,NR,Number,SK,Slovakia,1998,,222,,,,,
dataflow,ESTAT:ROAD_EQS_CARHAB(1.0),Passenger cars - per thousand inhabitants,A,Annual,NR,Number,SK,Slovakia,1999,,229,,,,,
dataflow,ESTAT:ROAD_EQS_CARHAB(1.0),Passenger cars - per thousand inhabitants,A,Annual,NR,Number,SK,Slovakia,2000,,237,,,,,
dataflow,ESTAT:ROAD_EQS_CARHAB(1.0),Passenger cars - per thousand inhabitants,A,Annual,NR,Number,SK,Slovakia,2001,,240,,,,,
dataflow,ESTAT:ROAD_EQS_CARHAB(1.0),Passenger cars - per thousand inhabitants,A,Annual,NR,Number,SK,Slovakia,2002,,247,,,,,
dataflow,ESTAT:ROAD_EQS_CARHAB(1.0),Passenger cars - per thousand inhabitants,A,Annual,NR,Number,SK,Slovakia,2003,,252,,,,,
dataflow,ESTAT:ROAD_EQS_CARHAB(1.0),Passenger cars - per thousand inhabitants,A,Annual,NR,Number,SK,Slovakia,2004,,223,,,,,
dataflow,ESTAT:ROAD_EQS_CARHAB(1.0),Passenger cars - per thousand inhabitants,A,Annual,NR,Number,SK,Slovakia,2005,,243,,,,,
dataflow,ESTAT:ROAD_EQS_CARHAB(1.0),Passenger cars - per thousand inhabitants,A,Annual,NR,Number,SK,Slovakia,2006,,248,,,,,
dataflow,ESTAT:ROAD_EQS_CARHAB(1.0),Passenger cars - per thousand inhabitants,A,Annual,NR,Number,SK,Slovakia,2007,,267,,,,,
dataflow,ESTAT:ROAD_EQS_CARHAB(1.0),Passenger cars - per thousand inhabitants,A,Annual,NR,Number,SK,Slovakia,2008,,287,,,,,
dataflow,ESTAT:ROAD_EQS_CARHAB(1.0),Passenger cars - per thousand inhabitants,A,Annual,NR,Number,SK,Slovakia,2009,,295,,,,,
dataflow,ESTAT:ROAD_EQS_CARHAB(1.0),Passenger cars - per thousand inhabitants,A,Annual,NR,Number,SK,Slovakia,2010,,310,,,,,
dataflow,ESTAT:ROAD_EQS_CARHAB(1.0),Passenger cars - per thousand inhabitants,A,Annual,NR,Number,SK,Slovakia,2011,,324,,,,,
dataflow,ESTAT:ROAD_EQS_CARHAB(1.0),Passenger cars - per thousand inhabitants,A,Annual,NR,Number,SK,Slovakia,2012,,337,,,,,
dataflow,ESTAT:ROAD_EQS_CARHAB(1.0),Passenger cars - per thousand inhabitants,A,Annual,NR,Number,SK,Slovakia,2013,,347,,,,,
dataflow,ESTAT:ROAD_EQS_CARHAB(1.0),Passenger cars - per thousand inhabitants,A,Annual,NR,Number,SK,Slovakia,2014,,360,,,,,
dataflow,ESTAT:ROAD_EQS_CARHAB(1.0),Passenger cars - per thousand inhabitants,A,Annual,NR,Number,SK,Slovakia,2015,,375,,,,,
dataflow,ESTAT:ROAD_EQS_CARHAB(1.0),Passenger cars - per thousand inhabitants,A,Annual,NR,Number,SK,Slovakia,2016,,390,,,,,
dataflow,ESTAT:ROAD_EQS_CARHAB(1.0),Passenger cars - per thousand inhabitants,A,Annual,NR,Number,SK,Slovakia,2017,,408,,,,,
dataflow,ESTAT:ROAD_EQS_CARHAB(1.0),Passenger cars - per thousand inhabitants,A,Annual,NR,Number,SK,Slovakia,2018,,426,,,,,
dataflow,ESTAT:ROAD_EQS_CARHAB(1.0),Passenger cars - per thousand inhabitants,A,Annual,NR,Number,SK,Slovakia,2019,,439,,,,,
dataflow,ESTAT:ROAD_EQS_CARHAB(1.0),Passenger cars - per thousand inhabitants,A,Annual,NR,Number,SK,Slovakia,2020,,447,,,,,
dataflow,ESTAT:ROAD_EQS_CARHAB(1.0),Passenger cars - per thousand inhabitants,A,Annual,NR,Number,SK,Slovakia,2021,,459,,,,,
dataflow,ESTAT:ROAD_EQS_CARHAB(1.0),Passenger cars - per thousand inhabitants,A,Annual,NR,Number,SK,Slovakia,2022,,471,,,,,
dataflow,ESTAT:ROAD_EQS_CARHAB(1.0),Passenger cars - per thousand inhabitants,A,Annual,NR,Number,SK,Slovakia,2023,,487,,,,,
dataflow,ESTAT:ROAD_EQS_CARHAB(1.0),Passenger cars - per thousand inhabitants,A,Annual,NR,Number,SK,Slovakia,2024,,502,,,,,
dataflow,ESTAT:ROAD_EQS_CARHAB(1.0),Passenger cars - per thousand inhabitants,A,Annual,NR,Number,TR,Türkiye,1990,,29,,,,,
dataflow,ESTAT:ROAD_EQS_CARHAB(1.0),Passenger cars - per thousand inhabitants,A,Annual,NR,Number,TR,Türkiye,1991,,32,,,,,
dataflow,ESTAT:ROAD_EQS_CARHAB(1.0),Passenger cars - per thousand inhabitants,A,Annual,NR,Number,TR,Türkiye,1992,,37,,,,,
dataflow,ESTAT:ROAD_EQS_CARHAB(1.0),Passenger cars - per thousand inhabitants,A,Annual,NR,Number,TR,Türkiye,1993,,44,,,,,
dataflow,ESTAT:ROAD_EQS_CARHAB(1.0),Passenger cars - per thousand inhabitants,A,Annual,NR,Number,TR,Türkiye,1994,,47,,,,,
dataflow,ESTAT:ROAD_EQS_CARHAB(1.0),Passenger cars - per thousand inhabitants,A,Annual,NR,Number,TR,Türkiye,1995,,49,,,,,
dataflow,ESTAT:ROAD_EQS_CARHAB(1.0),Passenger cars - per thousand inhabitants,A,Annual,NR,Number,TR,Türkiye,1996,,52,,,,,
dataflow,ESTAT:ROAD_EQS_CARHAB(1.0),Passenger cars - per thousand inhabitants,A,Annual,NR,Number,TR,Türkiye,1997,,55,,,,,
dataflow,ESTAT:ROAD_EQS_CARHAB(1.0),Passenger cars - per thousand inhabitants,A,Annual,NR,Number,TR,Türkiye,1998,,58,,,,,
dataflow,ESTAT:ROAD_EQS_CARHAB(1.0),Passenger cars - per thousand inhabitants,A,Annual,NR,Number,TR,Türkiye,1999,,61,,,,,
dataflow,ESTAT:ROAD_EQS_CARHAB(1.0),Passenger cars - per thousand inhabitants,A,Annual,NR,Number,TR,Türkiye,2000,,68,,,,,
dataflow,ESTAT:ROAD_EQS_CARHAB(1.0),Passenger cars - per thousand inhabitants,A,Annual,NR,Number,TR,Türkiye,2001,,69,,,,,
dataflow,ESTAT:ROAD_EQS_CARHAB(1.0),Passenger cars - per thousand inhabitants,A,Annual,NR,Number,TR,Türkiye,2002,,69,,,,,
dataflow,ESTAT:ROAD_EQS_CARHAB(1.0),Passenger cars - per thousand inhabitants,A,Annual,NR,Number,TR,Türkiye,2003,,70,,,,,
dataflow,ESTAT:ROAD_EQS_CARHAB(1.0),Passenger cars - per thousand inhabitants,A,Annual,NR,Number,TR,Türkiye,2004,,79,,,,,
dataflow,ESTAT:ROAD_EQS_CARHAB(1.0),Passenger cars - per thousand inhabitants,A,Annual,NR,Number,TR,Türkiye,2005,,84,,,,,
dataflow,ESTAT:ROAD_EQS_CARHAB(1.0),Passenger cars - per thousand inhabitants,A,Annual,NR,Number,TR,Türkiye,2006,,88,,,,,
dataflow,ESTAT:ROAD_EQS_CARHAB(1.0),Passenger cars - per thousand inhabitants,A,Annual,NR,Number,TR,Türkiye,2007,,92,,,,,
dataflow,ESTAT:ROAD_EQS_CARHAB(1.0),Passenger cars - per thousand inhabitants,A,Annual,NR,Number,TR,Türkiye,2008,,95,,,,,
dataflow,ESTAT:ROAD_EQS_CARHAB(1.0),Passenger cars - per thousand inhabitants,A,Annual,NR,Number,TR,Türkiye,2009,,98,,,,,
dataflow,ESTAT:ROAD_EQS_CARHAB(1.0),Passenger cars - per thousand inhabitants,A,Annual,NR,Number,TR,Türkiye,2010,,102,,,,,
dataflow,ESTAT:ROAD_EQS_CARHAB(1.0),Passenger cars - per thousand inhabitants,A,Annual,NR,Number,TR,Türkiye,2011,,109,,,,,
dataflow,ESTAT:ROAD_EQS_CARHAB(1.0),Passenger cars - per thousand inhabitants,A,Annual,NR,Number,TR,Türkiye,2012,,114,,,,,
dataflow,ESTAT:ROAD_EQS_CARHAB(1.0),Passenger cars - per thousand inhabitants,A,Annual,NR,Number,TR,Türkiye,2013,,121,,,,,
dataflow,ESTAT:ROAD_EQS_CARHAB(1.0),Passenger cars - per thousand inhabitants,A,Annual,NR,Number,TR,Türkiye,2014,,127,,,,,
dataflow,ESTAT:ROAD_EQS_CARHAB(1.0),Passenger cars - per thousand inhabitants,A,Annual,NR,Number,TR,Türkiye,2015,,134,,,,,
dataflow,ESTAT:ROAD_EQS_CARHAB(1.0),Passenger cars - per thousand inhabitants,A,Annual,NR,Number,TR,Türkiye,2016,,142,,,,,
dataflow,ESTAT:ROAD_EQS_CARHAB(1.0),Passenger cars - per thousand inhabitants,A,Annual,NR,Number,TR,Türkiye,2017,,149,,,,,
dataflow,ESTAT:ROAD_EQS_CARHAB(1.0),Passenger cars - per thousand inhabitants,A,Annual,NR,Number,TR,Türkiye,2018,,151,,be,"break in time series, estimated",,
dataflow,ESTAT:ROAD_EQS_CARHAB(1.0),Passenger cars - per thousand inhabitants,A,Annual,NR,Number,TR,Türkiye,2019,,150,,,,,
dataflow,ESTAT:ROAD_EQS_CARHAB(1.0),Passenger cars - per thousand inhabitants,A,Annual,NR,Number,TR,Türkiye,2020,,157,,,,,
dataflow,ESTAT:ROAD_EQS_CARHAB(1.0),Passenger cars - per thousand inhabitants,A,Annual,NR,Number,TR,Türkiye,2021,,162,,,,,
dataflow,ESTAT:ROAD_EQS_CARHAB(1.0),Passenger cars - per thousand inhabitants,A,Annual,NR,Number,TR,Türkiye,2022,,167,,,,,
dataflow,ESTAT:ROAD_EQS_CARHAB(1.0),Passenger cars - per thousand inhabitants,A,Annual,NR,Number,TR,Türkiye,2023,,178,,,,,
dataflow,ESTAT:ROAD_EQS_CARHAB(1.0),Passenger cars - per thousand inhabitants,A,Annual,NR,Number,TR,Türkiye,2024,,189,,,,,
dataflow,ESTAT:ROAD_EQS_CARHAB(1.0),Passenger cars - per thousand inhabitants,A,Annual,NR,Number,UA,Ukraine,2014,,,,m,missing value; data cannot exist,,
dataflow,ESTAT:ROAD_EQS_CARHAB(1.0),Passenger cars - per thousand inhabitants,A,Annual,NR,Number,UA,Ukraine,2020,,,,m,missing value; data cannot exist,,
dataflow,ESTAT:ROAD_EQS_CARHAB(1.0),Passenger cars - per thousand inhabitants,A,Annual,NR,Number,UA,Ukraine,2022,,,,m,missing value; data cannot exist,,
dataflow,ESTAT:ROAD_EQS_CARHAB(1.0),Passenger cars - per thousand inhabitants,A,Annual,NR,Number,UA,Ukraine,2023,,,,m,missing value; data cannot exist,,
dataflow,ESTAT:ROAD_EQS_CARHAB(1.0),Passenger cars - per thousand inhabitants,A,Annual,NR,Number,UA,Ukraine,2024,,,,m,missing value; data cannot exist,,
dataflow,ESTAT:ROAD_EQS_CARHAB(1.0),Passenger cars - per thousand inhabitants,A,Annual,NR,Number,UK,United Kingdom,1990,,361,,,,,
dataflow,ESTAT:ROAD_EQS_CARHAB(1.0),Passenger cars - per thousand inhabitants,A,Annual,NR,Number,UK,United Kingdom,1991,,361,,,,,
dataflow,ESTAT:ROAD_EQS_CARHAB(1.0),Passenger cars - per thousand inhabitants,A,Annual,NR,Number,UK,United Kingdom,1992,,364,,,,,
dataflow,ESTAT:ROAD_EQS_CARHAB(1.0),Passenger cars - per thousand inhabitants,A,Annual,NR,Number,UK,United Kingdom,1993,,368,,,,,
dataflow,ESTAT:ROAD_EQS_CARHAB(1.0),Passenger cars - per thousand inhabitants,A,Annual,NR,Number,UK,United Kingdom,1994,,375,,,,,
dataflow,ESTAT:ROAD_EQS_CARHAB(1.0),Passenger cars - per thousand inhabitants,A,Annual,NR,Number,UK,United Kingdom,1995,,378,,,,,
dataflow,ESTAT:ROAD_EQS_CARHAB(1.0),Passenger cars - per thousand inhabitants,A,Annual,NR,Number,UK,United Kingdom,1996,,392,,,,,
dataflow,ESTAT:ROAD_EQS_CARHAB(1.0),Passenger cars - per thousand inhabitants,A,Annual,NR,Number,UK,United Kingdom,1997,,402,,,,,
dataflow,ESTAT:ROAD_EQS_CARHAB(1.0),Passenger cars - per thousand inhabitants,A,Annual,NR,Number,UK,United Kingdom,1998,,408,,,,,
dataflow,ESTAT:ROAD_EQS_CARHAB(1.0),Passenger cars - per thousand inhabitants,A,Annual,NR,Number,UK,United Kingdom,1999,,419,,,,,
dataflow,ESTAT:ROAD_EQS_CARHAB(1.0),Passenger cars - per thousand inhabitants,A,Annual,NR,Number,UK,United Kingdom,2000,,425,,,,,
dataflow,ESTAT:ROAD_EQS_CARHAB(1.0),Passenger cars - per thousand inhabitants,A,Annual,NR,Number,UK,United Kingdom,2001,,435,,,,,
dataflow,ESTAT:ROAD_EQS_CARHAB(1.0),Passenger cars - per thousand inhabitants,A,Annual,NR,Number,UK,United Kingdom,2002,,445,,,,,
dataflow,ESTAT:ROAD_EQS_CARHAB(1.0),Passenger cars - per thousand inhabitants,A,Annual,NR,Number,UK,United Kingdom,2003,,451,,,,,
dataflow,ESTAT:ROAD_EQS_CARHAB(1.0),Passenger cars - per thousand inhabitants,A,Annual,NR,Number,UK,United Kingdom,2004,,461,,,,,
dataflow,ESTAT:ROAD_EQS_CARHAB(1.0),Passenger cars - per thousand inhabitants,A,Annual,NR,Number,UK,United Kingdom,2005,,467,,,,,
dataflow,ESTAT:ROAD_EQS_CARHAB(1.0),Passenger cars - per thousand inhabitants,A,Annual,NR,Number,UK,United Kingdom,2006,,456,,,,,
dataflow,ESTAT:ROAD_EQS_CARHAB(1.0),Passenger cars - per thousand inhabitants,A,Annual,NR,Number,UK,United Kingdom,2007,,458,,,,,
dataflow,ESTAT:ROAD_EQS_CARHAB(1.0),Passenger cars - per thousand inhabitants,A,Annual,NR,Number,UK,United Kingdom,2008,,458,,,,,
dataflow,ESTAT:ROAD_EQS_CARHAB(1.0),Passenger cars - per thousand inhabitants,A,Annual,NR,Number,UK,United Kingdom,2009,,452,,,,,
dataflow,ESTAT:ROAD_EQS_CARHAB(1.0),Passenger cars - per thousand inhabitants,A,Annual,NR,Number,UK,United Kingdom,2010,,451,,,,,
dataflow,ESTAT:ROAD_EQS_CARHAB(1.0),Passenger cars - per thousand inhabitants,A,Annual,NR,Number,UK,United Kingdom,2011,,448,,,,,
dataflow,ESTAT:ROAD_EQS_CARHAB(1.0),Passenger cars - per thousand inhabitants,A,Annual,NR,Number,UK,United Kingdom,2012,,449,,,,,
dataflow,ESTAT:ROAD_EQS_CARHAB(1.0),Passenger cars - per thousand inhabitants,A,Annual,NR,Number,UK,United Kingdom,2015,,463,,,,,
dataflow,ESTAT:ROAD_EQS_CARHAB(1.0),Passenger cars - per thousand inhabitants,A,Annual,NR,Number,UK,United Kingdom,2016,,469,,,,,
dataflow,ESTAT:ROAD_EQS_CARHAB(1.0),Passenger cars - per thousand inhabitants,A,Annual,NR,Number,UK,United Kingdom,2017,,471,,,,,
dataflow,ESTAT:ROAD_EQS_CARHAB(1.0),Passenger cars - per thousand inhabitants,A,Annual,NR,Number,UK,United Kingdom,2018,,473,,,,,
dataflow,ESTAT:ROAD_EQS_CARHAB(1.0),Passenger cars - per thousand inhabitants,A,Annual,NR,Number,UK,United Kingdom,2020,,,,m,missing value; data cannot exist,,
dataflow,ESTAT:ROAD_EQS_CARHAB(1.0),Passenger cars - per thousand inhabitants,A,Annual,NR,Number,UK,United Kingdom,2021,,476,,i,value imputed by Eurostat or other receiving agencies,,
dataflow,ESTAT:ROAD_EQS_CARHAB(1.0),Passenger cars - per thousand inhabitants,A,Annual,NR,Number,UK,United Kingdom,2022,,480,,i,value imputed by Eurostat or other receiving agencies,,
dataflow,ESTAT:ROAD_EQS_CARHAB(1.0),Passenger cars - per thousand inhabitants,A,Annual,NR,Number,UK,United Kingdom,2023,,486,,i,value imputed by Eurostat or other receiving agencies,,
dataflow,ESTAT:ROAD_EQS_CARHAB(1.0),Passenger cars - per thousand inhabitants,A,Annual,NR,Number,XK,Kosovo*,2013,,122,,e,estimated,,
dataflow,ESTAT:ROAD_EQS_CARHAB(1.0),Passenger cars - per thousand inhabitants,A,Annual,NR,Number,XK,Kosovo*,2014,,131,,e,estimated,,
dataflow,ESTAT:ROAD_EQS_CARHAB(1.0),Passenger cars - per thousand inhabitants,A,Annual,NR,Number,XK,Kosovo*,2015,,159,,e,estimated,,
dataflow,ESTAT:ROAD_EQS_CARHAB(1.0),Passenger cars - per thousand inhabitants,A,Annual,NR,Number,XK,Kosovo*,2016,,146,,e,estimated,,
dataflow,ESTAT:ROAD_EQS_CARHAB(1.0),Passenger cars - per thousand inhabitants,A,Annual,NR,Number,XK,Kosovo*,2017,,152,,,,,
dataflow,ESTAT:ROAD_EQS_CARHAB(1.0),Passenger cars - per thousand inhabitants,A,Annual,NR,Number,XK,Kosovo*,2018,,156,,,,,
dataflow,ESTAT:ROAD_EQS_CARHAB(1.0),Passenger cars - per thousand inhabitants,A,Annual,NR,Number,XK,Kosovo*,2019,,163,,i,value imputed by Eurostat or other receiving agencies,,
dataflow,ESTAT:ROAD_EQS_CARHAB(1.0),Passenger cars - per thousand inhabitants,A,Annual,NR,Number,XK,Kosovo*,2020,,163,,,,,
dataflow,ESTAT:ROAD_EQS_CARHAB(1.0),Passenger cars - per thousand inhabitants,A,Annual,NR,Number,XK,Kosovo*,2021,,182,,,,,
dataflow,ESTAT:ROAD_EQS_CARHAB(1.0),Passenger cars - per thousand inhabitants,A,Annual,NR,Number,XK,Kosovo*,2022,,191,,i,value imputed by Eurostat or other receiving agencies,,
dataflow,ESTAT:ROAD_EQS_CARHAB(1.0),Passenger cars - per thousand inhabitants,A,Annual,NR,Number,XK,Kosovo*,2023,,208,,i,value imputed by Eurostat or other receiving agencies,,
dataflow,ESTAT:ROAD_EQS_CARHAB(1.0),Passenger cars - per thousand inhabitants,A,Annual,NR,Number,XK,Kosovo*,2024,,232,,i,value imputed by Eurostat or other receiving agencies,,
